unit_id,time_cycle,wear_value,temperature
1,0,0.04873,34.1
1,1,0.05293,34.018
1,2,0.04696,33.891
1,3,0.04553,33.452
1,4,0.0532,34.304
1,5,0.04348,33.845
1,6,0.04678,33.861
1,7,0.04137,33.759
1,8,0.05251,34.637
1,9,0.05188,34.136
1,10,0.04843,33.917
1,11,0.05447,34.226
1,12,0.04834,33.831
1,13,0.05043,33.974
1,14,0.05126,34.053
1,15,0.05305,33.884
1,16,0.05607,34.758
1,17,0.05669,34.259
1,18,0.05566,33.992
1,19,0.04602,34.14
1,20,0.05043,33.811
1,21,0.04928,33.83
1,22,0.05358,34.265
1,23,0.05683,34.397
1,24,0.05654,34.171
1,25,0.05127,33.797
1,26,0.05841,34.217
1,27,0.05262,34.364
1,28,0.05093,34.258
1,29,0.05597,33.992
1,30,0.05474,34.368
1,31,0.0585,34.554
1,32,0.05694,34.895
1,33,0.05219,34.039
1,34,0.05591,33.915
1,35,0.06061,34.481
1,36,0.05681,34.111
1,37,0.05106,33.936
1,38,0.06032,34.251
1,39,0.05594,34.3
1,40,0.0626,34.394
1,41,0.05954,34.551
1,42,0.05931,34.21
1,43,0.06163,34.271
1,44,0.05781,34.494
1,45,0.05845,33.722
1,46,0.06135,34.237
1,47,0.05916,34.359
1,48,0.06002,34.33
1,49,0.05296,33.946
1,50,0.06703,34.435
1,51,0.0551,33.967
1,52,0.05821,34.269
1,53,0.06084,34.173
1,54,0.06299,34.447
1,55,0.06234,34.222
1,56,0.0621,34.4
1,57,0.06417,34.53
1,58,0.06003,34.132
1,59,0.06815,34.302
1,60,0.07104,34.806
1,61,0.07152,34.359
1,62,0.06671,34.333
1,63,0.07056,34.856
1,64,0.17083,45.368151040376574
1,65,0.06635,34.554
1,66,0.06341,34.468
1,67,0.06514,34.522
1,68,0.06866,34.396
1,69,0.06627,34.351
1,70,0.07256,34.766
1,71,0.07297,34.839
1,72,0.08156,34.687
1,73,0.07112,34.239
1,74,0.07727,34.919
1,75,0.0696,34.617
1,76,0.07851,34.731
1,77,0.07762,34.702
1,78,0.06996,34.711
1,79,0.08073,34.881
1,80,0.07223,34.4
1,81,0.07215,34.703
1,82,0.08238,34.854
1,83,0.08172,34.582
1,84,0.0792,34.427
1,85,0.07619,34.812
1,86,0.079,34.939
1,87,0.08281,35.325
1,88,0.08173,34.474
1,89,0.08194,34.567
1,90,0.08671,34.871
1,91,0.08299,34.758
1,92,0.08726,34.784
1,93,0.08817,35.103
1,94,0.08447,34.629
1,95,0.08458,34.959
1,96,0.0878,35.012
1,97,0.09531,35.094
1,98,0.08585,35.056
1,99,0.09014,35.111
1,100,0.09506,34.851
1,101,0.0972,35.27
1,102,0.09014,34.998
1,103,0.09449,35.035
1,104,0.09787,35.391
1,105,0.09535,35.315
1,106,0.10023,35.201
1,107,0.09795,34.875
1,108,0.09222,35.015
1,109,0.0958,35.051
1,110,0.09811,34.751
1,111,0.10271,35.125
1,112,0.10265,35.028
1,113,0.10206,35.506
1,114,0.10501,35.367
1,115,0.10052,35.638
1,116,0.1141,35.726
1,117,0.11119,35.394
1,118,0.1108,35.592
1,119,0.10771,35.227
1,120,0.10475,35.097
1,121,0.11929,35.498
1,122,0.11262,35.485
1,123,0.10871,35.526
1,124,0.12151,35.689
1,125,0.12436,35.409
1,126,0.12646,35.574
1,127,0.11532,35.432
1,128,0.12931,35.777
1,129,0.11949,35.311
1,130,0.12423,35.273
1,131,0.12089,35.908
1,132,0.13286,35.832
1,133,0.1272,35.748
1,134,0.13998,36.092
1,135,0.13578,35.88
1,136,0.13396,36.011
1,137,0.13582,35.542
1,138,0.14207,35.933
1,139,0.14705,36.301
1,140,0.14057,36.112
1,141,0.14156,35.948
1,142,0.14457,36.287
1,143,0.14365,35.966
1,144,0.14589,36.329
1,145,0.15496,36.407
1,146,0.15333,36.173
1,147,0.15641,36.476
1,148,0.15199,35.913
1,149,0.15191,36.135
1,150,0.16343,36.827
1,151,0.15905,36.341
1,152,0.16391,36.53
1,153,0.16869,36.526
1,154,0.17089,36.63
1,155,0.17268,36.662
1,156,0.16901,37.02
1,157,0.17797,36.472
1,158,0.1742,36.99
1,159,0.17351,36.888
1,160,0.18333,36.806
1,161,0.18302,36.521
1,162,0.19257,37.083
1,163,0.19118,37.238
1,164,0.19592,37.131
1,165,0.19387,37.285
1,166,0.19915,37.518
1,167,0.1964,37.095
1,168,0.20644,37.037
1,169,0.21002,37.461
1,170,0.20651,37.309
1,171,0.20917,37.757
1,172,0.21533,37.734
1,173,0.21554,37.351
1,174,0.21478,37.555
1,175,0.22302,37.816
1,176,0.22821,38.008
1,177,0.22763,38.356
1,178,0.23222,37.914
1,179,0.24128,38.435
1,180,0.2444,38.24
1,181,0.24439,37.972
1,182,0.24703,38.288
1,183,0.24194,38.416
1,184,0.24365,37.864
1,185,0.25592,38.625
1,186,0.262,38.79
1,187,0.26773,38.906
1,188,0.26507,38.693
1,189,0.2683,38.837
1,190,0.26894,38.86
1,191,0.27695,39.019
1,192,0.28244,38.592
1,193,0.28182,39.048
1,194,0.28937,39.284
1,195,0.29505,39.658
1,196,0.2994,39.386
1,197,0.29614,39.104
1,198,0.30914,39.87
1,199,0.31769,39.677
1,200,0.31492,39.832
1,201,0.32902,40.11
1,202,0.3318,40.181
1,203,0.33506,40.423
1,204,0.33604,40.034
1,205,0.33932,40.607
1,206,0.34901,40.431
1,207,0.34931,40.178
1,208,0.36173,40.97
1,209,0.36077,40.812
1,210,0.35809,40.616
1,211,0.37766,41.332
1,212,0.37928,41.168
1,213,0.38688,41.278
1,214,0.38287,41.247
1,215,0.39707,41.779
1,216,0.39573,41.501
1,217,0.40733,41.555
1,218,0.41582,42.108
1,219,0.41905,42.439
1,220,0.42538,42.075
1,221,0.43132,42.129
1,222,0.43765,42.142
1,223,0.44591,42.619
1,224,0.44444,42.555
1,225,0.46076,43.03
1,226,0.47254,43.352
1,227,0.4725,43.033
1,228,0.48467,43.334
1,229,0.48495,43.924
1,230,0.49625,43.567
1,231,0.49648,43.868
1,232,0.50919,43.977
1,233,0.52504,44.119
1,234,0.52964,44.717
1,235,0.52779,44.21
1,236,0.54244,44.651
1,237,0.55445,44.735
1,238,0.56075,44.928
1,239,0.57084,45.344
1,240,0.58491,45.815
1,241,0.59305,45.605
1,242,0.59976,46.399
1,243,0.61332,46.128
1,244,0.62524,46.396
1,245,0.62605,46.77
1,246,0.63347,46.268
1,247,0.65262,47.069
1,248,0.65969,47.144
1,249,0.66872,47.319
1,250,0.67784,47.531
1,251,0.68955,47.694
1,252,0.70006,47.586
1,253,0.7162,48.513
1,254,0.72454,48.662
1,255,0.73758,48.751
1,256,0.74616,49.186
1,257,0.76112,49.812
1,258,0.77898,49.975
1,259,0.78187,49.738
1,260,0.79353,50.158
1,261,0.79941,50.137
1,262,0.8222,50.415
1,263,0.8399,50.874
1,264,0.85128,51.904
1,265,0.85749,51.451
1,266,0.87627,51.765
1,267,0.89513,52.514
1,268,0.90962,52.46
1,269,0.93095,52.711
1,270,0.93201,53.122
1,271,0.95169,53.609
1,272,0.97309,53.949
1,273,0.98292,54.066
1,274,1.00079,54.507
2,0,0.07073,33.765
2,1,0.07564,33.889
2,2,0.0628,33.399
2,3,0.06358,33.553
2,4,0.07125,34.18
2,5,0.0726,33.839
2,6,0.07473,33.502
2,7,0.07248,34.034
2,8,0.06574,33.914
2,9,0.07313,33.815
2,10,0.07443,34.39
2,11,0.07276,33.937
2,12,0.07032,33.647
2,13,0.07561,33.798
2,14,0.07271,33.791
2,15,0.07447,34.004
2,16,0.07684,33.903
2,17,0.07175,33.663
2,18,0.0712,33.918
2,19,0.07614,33.8
2,20,0.07674,34.273
2,21,0.07506,34.329
2,22,0.07046,33.572
2,23,0.06659,34.009
2,24,0.07648,33.983
2,25,0.07513,33.731
2,26,0.08395,34.235
2,27,0.07477,34.091
2,28,0.07642,34.038
2,29,0.07149,33.945
2,30,0.08235,34.433
2,31,0.08136,34.033
2,32,0.0712,33.818
2,33,0.07556,34.187
2,34,0.06874,34.078
2,35,0.07506,33.868
2,36,0.07182,33.53
2,37,0.07935,34.092
2,38,0.07108,33.58
2,39,0.07509,34.288
2,40,0.07559,33.668
2,41,0.07584,33.922
2,42,0.06623,33.689
2,43,0.07629,34.129
2,44,0.08482,34.46
2,45,0.07655,33.775
2,46,0.08813,34.342
2,47,0.07811,34.037
2,48,0.07906,34.04
2,49,0.07619,33.877
2,50,0.07857,33.946
2,51,0.07608,34.004
2,52,0.07814,34.343
2,53,0.06879,33.992
2,54,0.08461,33.814
2,55,0.07849,33.978
2,56,0.07447,33.781
2,57,0.07591,34.329
2,58,0.08434,34.475
2,59,0.08374,33.978
2,60,0.07901,34.165
2,61,0.07648,34.137
2,62,0.08067,34.04
2,63,0.08474,34.321
2,64,0.08072,34.349
2,65,0.07811,34.165
2,66,0.08509,34.18
2,67,0.0843,33.97
2,68,0.08698,34.26
2,69,0.08149,34.348
2,70,0.08105,33.845
2,71,0.07794,34.158
2,72,0.07935,34.428
2,73,0.07645,34.333
2,74,0.08594,34.247
2,75,0.08323,34.269
2,76,0.08558,34.477
2,77,0.08651,34.313
2,78,0.08493,34.226
2,79,0.08795,33.983
2,80,0.08167,34.293
2,81,0.08809,34.292
2,82,0.08783,34.391
2,83,0.08595,34.112
2,84,0.08926,34.167
2,85,0.09047,34.057
2,86,0.09333,34.574
2,87,0.09061,34.598
2,88,0.09663,34.777
2,89,0.08299,33.926
2,90,0.08825,34.338
2,91,0.09321,34.331
2,92,0.09229,34.299
2,93,0.08951,34.088
2,94,0.08868,34.075
2,95,0.08889,34.562
2,96,0.08942,34.893
2,97,0.09563,34.582
2,98,0.09066,34.543
2,99,0.09224,34.472
2,100,0.10523,34.803
2,101,0.10005,34.532
2,102,0.09578,34.904
2,103,0.09388,34.858
2,104,0.0997,34.55
2,105,0.09988,34.863
2,106,0.10033,34.367
2,107,0.09544,34.491
2,108,0.09856,34.754
2,109,0.10008,34.407
2,110,0.10141,34.834
2,111,0.10266,34.964
2,112,0.10429,34.887
2,113,0.10122,34.374
2,114,0.10377,34.821
2,115,0.1037,34.522
2,116,0.09886,34.849
2,117,0.1036,34.911
2,118,0.10446,34.806
2,119,0.10869,34.818
2,120,0.10592,34.749
2,121,0.10441,34.736
2,122,0.10766,34.796
2,123,0.11242,34.85
2,124,0.10729,34.793
2,125,0.11447,35.127
2,126,0.11347,34.762
2,127,0.11107,35.168
2,128,0.11101,35.201
2,129,0.10929,35.221
2,130,0.12125,35.21
2,131,0.11098,35.278
2,132,0.11979,35.136
2,133,0.11252,34.975
2,134,0.10956,34.763
2,135,0.11167,34.853
2,136,0.1163,35.187
2,137,0.12341,35.145
2,138,0.12192,35.259
2,139,0.11858,35.341
2,140,0.11508,35.182
2,141,0.12105,35.376
2,142,0.12237,35.806
2,143,0.1195,35.126
2,144,0.1204,35.147
2,145,0.12121,35.519
2,146,0.13031,35.429
2,147,0.12218,35.404
2,148,0.1242,35.494
2,149,0.12813,35.178
2,150,0.13444,36.021
2,151,0.12673,35.363
2,152,0.13128,35.638
2,153,0.13373,36.044
2,154,0.13137,35.414
2,155,0.12755,35.318
2,156,0.03394,26.719685303584267
2,157,0.13303,35.666
2,158,0.13607,35.947
2,159,0.14729,35.926
2,160,0.13629,35.924
2,161,0.14206,36.251
2,162,0.14276,35.83
2,163,0.2439,50.69092894125565
2,164,0.14595,36.095
2,165,0.14808,36.288
2,166,0.1505,36.254
2,167,0.14548,36.009
2,168,0.15217,36.009
2,169,0.15003,36.032
2,170,0.1499,36.363
2,171,0.1518,36.171
2,172,0.14686,36.169
2,173,0.15616,36.72
2,174,0.15365,36.259
2,175,0.1572,36.633
2,176,0.15716,36.372
2,177,0.16133,36.473
2,178,0.15849,36.393
2,179,0.16597,36.364
2,180,0.16362,36.362
2,181,0.16931,36.361
2,182,0.16375,36.581
2,183,0.17373,36.78
2,184,0.16675,36.968
2,185,0.1647,36.093
2,186,0.1738,36.694
2,187,0.16952,36.813
2,188,0.17617,36.75
2,189,0.17168,36.908
2,190,0.18104,36.983
2,191,0.18749,36.974
2,192,0.17568,36.71
2,193,0.18331,37.117
2,194,0.18426,37.166
2,195,0.18197,37.319
2,196,0.18843,37.439
2,197,0.19194,37.408
2,198,0.19468,37.485
2,199,0.19683,37.723
2,200,0.19693,37.602
2,201,0.1977,37.77
2,202,0.19729,37.831
2,203,0.20181,37.314
2,204,0.20448,37.541
2,205,0.20935,37.687
2,206,0.20626,37.351
2,207,0.20832,37.303
2,208,0.20591,37.871
2,209,0.21753,38.138
2,210,0.2127,37.904
2,211,0.21876,37.857
2,212,0.22703,38.502
2,213,0.2224,38.198
2,214,0.22642,37.9
2,215,0.22694,38.187
2,216,0.22629,38.249
2,217,0.23989,38.824
2,218,0.23285,38.608
2,219,0.24321,38.977
2,220,0.24036,38.58
2,221,0.24546,38.935
2,222,0.24883,39.081
2,223,0.25207,38.94
2,224,0.2558,39.193
2,225,0.26152,39.181
2,226,0.2629,39.398
2,227,0.25612,39.067
2,228,0.26026,39.367
2,229,0.26649,39.347
2,230,0.2672,39.91
2,231,0.27714,39.855
2,232,0.27336,39.683
2,233,0.27868,39.608
2,234,0.27827,39.467
2,235,0.284,40.095
2,236,0.28362,40.269
2,237,0.28385,39.668
2,238,0.2929,40.431
2,239,0.30203,40.392
2,240,0.30295,40.503
2,241,0.30133,40.641
2,242,0.30807,40.343
2,243,0.31485,41.129
2,244,0.30997,40.792
2,245,0.31804,40.997
2,246,0.3175,40.795
2,247,0.32329,41.33
2,248,0.32931,41.195
2,249,0.33402,40.835
2,250,0.33938,41.211
2,251,0.33724,41.273
2,252,0.33747,41.736
2,253,0.3448,41.784
2,254,0.35056,41.976
2,255,0.35519,41.757
2,256,0.36307,42.142
2,257,0.35711,41.983
2,258,0.37366,42.715
2,259,0.37064,42.388
2,260,0.37519,43.005
2,261,0.38251,42.886
2,262,0.38968,43.054
2,263,0.38916,42.952
2,264,0.39461,43.14
2,265,0.40258,43.388
2,266,0.40744,43.501
2,267,0.40973,43.183
2,268,0.41806,43.892
2,269,0.42344,43.398
2,270,0.43293,44.222
2,271,0.43421,44.079
2,272,0.4375,44.171
2,273,0.5379,54.72287452718599
2,274,0.44506,44.643
2,275,0.3548,35.78810203106229
2,276,0.45751,45.031
2,277,0.47218,45.368
2,278,0.46912,45.502
2,279,0.47856,45.801
2,280,0.48261,45.451
2,281,0.49258,45.737
2,282,0.49334,45.838
2,283,0.49804,46.19
2,284,0.50584,46.433
2,285,0.51736,46.77
2,286,0.51637,46.844
2,287,0.52864,46.759
2,288,0.53289,47.267
2,289,0.53604,47.492
2,290,0.54344,47.455
2,291,0.55027,47.63
2,292,0.55359,47.434
2,293,0.57147,48.067
2,294,0.56834,47.716
2,295,0.57708,48.133
2,296,0.59363,49.076
2,297,0.59184,49.273
2,298,0.60616,49.17
2,299,0.59999,49.515
2,300,0.6123,49.082
2,301,0.62992,50.406
2,302,0.63946,50.305
2,303,0.64451,50.509
2,304,0.65349,50.653
2,305,0.65932,50.752
2,306,0.66446,50.856
2,307,0.66939,51.034
2,308,0.68102,51.168
2,309,0.69464,52.059
2,310,0.70667,51.812
2,311,0.70824,52.36
2,312,0.7176,52.396
2,313,0.7332,52.696
2,314,0.74102,52.848
2,315,0.74794,53.378
2,316,0.75385,53.572
2,317,0.77017,54.064
2,318,0.78131,54.547
2,319,0.79123,54.474
2,320,0.80168,54.969
2,321,0.812,55.165
2,322,0.81977,55.248
2,323,0.82789,55.964
2,324,0.8396,55.813
2,325,0.85294,56.514
2,326,0.86603,56.961
2,327,0.87608,57.057
2,328,0.88716,57.749
2,329,0.89765,57.683
2,330,0.917,58.261
2,331,0.92597,58.41
2,332,0.93931,58.79
2,333,0.95558,59.73
2,334,0.96228,59.207
2,335,0.97711,60.424
2,336,0.9874,60.531
2,337,1.01066,60.762
3,0,0.06462,31.956
3,1,0.06697,32.125
3,2,0.06197,32.091
3,3,0.06412,32.116
3,4,0.06514,32.171
3,5,0.06791,32.577
3,6,0.06564,32.401
3,7,0.07378,32.296
3,8,0.06048,32.307
3,9,0.0733,32.465
3,10,0.07252,32.516
3,11,0.063,32.039
3,12,0.06835,32.2
3,13,0.06626,32.642
3,14,0.06481,32.549
3,15,0.06129,32.084
3,16,0.06063,32.187
3,17,0.06949,32.429
3,18,0.07139,32.316
3,19,0.0675,32.254
3,20,0.06816,32.478
3,21,0.06916,32.19
3,22,0.06338,32.106
3,23,0.06611,32.339
3,24,0.07001,32.258
3,25,0.06089,32.611
3,26,0.06289,32.401
3,27,0.06767,32.414
3,28,0.06766,32.287
3,29,0.06965,32.33
3,30,0.07258,32.612
3,31,0.07044,32.338
3,32,0.06722,32.114
3,33,0.06689,32.135
3,34,0.07368,32.538
3,35,0.06924,32.362
3,36,0.06949,32.907
3,37,0.06763,32.233
3,38,0.07108,31.952
3,39,0.06936,32.336
3,40,0.06527,32.4
3,41,0.0696,32.056
3,42,0.06693,31.766
3,43,0.07084,32.507
3,44,0.06663,32.444
3,45,0.06482,32.093
3,46,0.07177,32.338
3,47,0.06999,32.315
3,48,0.06875,32.32
3,49,0.06772,32.426
3,50,0.06819,32.381
3,51,0.06794,32.064
3,52,0.07466,32.654
3,53,0.08032,32.5
3,54,0.07048,32.415
3,55,0.07544,32.474
3,56,0.06696,32.586
3,57,0.07054,32.618
3,58,0.17502,38.739287848338314
3,59,0.07144,32.388
3,60,0.07224,32.661
3,61,0.06928,32.43
3,62,0.06817,32.179
3,63,0.07269,32.109
3,64,0.08123,32.495
3,65,0.073,32.743
3,66,0.06989,31.964
3,67,0.07174,32.3
3,68,0.06459,32.337
3,69,0.07471,32.784
3,70,0.06958,32.096
3,71,0.07262,32.481
3,72,0.07812,32.931
3,73,0.07948,32.741
3,74,0.07802,32.518
3,75,0.07568,32.344
3,76,0.07546,32.594
3,77,0.08229,32.717
3,78,0.07596,32.637
3,79,0.07398,32.376
3,80,0.0812,32.537
3,81,0.0709,32.588
3,82,0.08105,32.638
3,83,0.07488,32.617
3,84,0.074,32.38
3,85,0.08056,32.837
3,86,0.08251,32.518
3,87,0.07547,32.633
3,88,0.07399,32.665
3,89,0.08281,32.66
3,90,0.0,19.73235301015125
3,91,0.08556,33.001
3,92,0.08096,32.556
3,93,0.08026,32.818
3,94,0.07821,32.532
3,95,0.17416,38.31314493596774
3,96,0.07173,32.591
3,97,0.08035,32.613
3,98,0.07867,32.706
3,99,0.07958,32.421
3,100,0.08414,32.874
3,101,0.0818,32.917
3,102,0.07773,32.881
3,103,0.08068,32.896
3,104,0.08443,32.613
3,105,0.08376,32.868
3,106,0.08213,32.739
3,107,0.08193,32.915
3,108,0.08484,32.838
3,109,0.07683,32.713
3,110,0.08596,33.323
3,111,0.08764,32.528
3,112,0.08393,33.169
3,113,0.08639,32.94
3,114,0.08778,32.787
3,115,0.08637,32.823
3,116,0.08466,32.993
3,117,0.08132,32.994
3,118,0.08363,32.851
3,119,0.08001,32.844
3,120,0.0917,32.916
3,121,0.08177,32.804
3,122,0.09233,32.746
3,123,0.08239,32.674
3,124,0.08385,32.641
3,125,0.07906,32.792
3,126,0.08911,32.608
3,127,0.0939,33.415
3,128,0.08538,33.08
3,129,0.08642,32.911
3,130,0.08569,33.298
3,131,0.08818,32.948
3,132,0.08695,33.262
3,133,0.09758,33.505
3,134,0.0942,32.962
3,135,0.09403,33.081
3,136,0.09631,33.368
3,137,0.08881,33.13
3,138,0.09449,32.54
3,139,0.09532,33.031
3,140,0.08893,32.775
3,141,0.0923,33.131
3,142,0.08774,32.949
3,143,0.09588,33.505
3,144,0.08964,32.893
3,145,0.09537,33.348
3,146,0.09349,33.307
3,147,0.08734,32.649
3,148,0.09687,32.877
3,149,0.09117,32.899
3,150,0.09935,32.848
3,151,0.09734,33.379
3,152,0.09628,33.07
3,153,0.09907,33.181
3,154,0.10344,33.116
3,155,0.09809,33.234
3,156,0.0972,32.594
3,157,0.09849,33.384
3,158,0.10267,33.389
3,159,0.0956,33.204
3,160,0.09813,33.265
3,161,0.10135,33.086
3,162,0.09773,33.254
3,163,0.10087,33.1
3,164,0.09851,33.144
3,165,0.10893,33.383
3,166,0.10306,33.349
3,167,0.09906,32.867
3,168,0.09994,33.293
3,169,0.10487,33.518
3,170,0.10539,33.37
3,171,0.10307,33.505
3,172,0.10229,33.085
3,173,0.10873,33.216
3,174,0.11662,33.714
3,175,0.10885,33.324
3,176,0.1067,33.342
3,177,0.10631,33.543
3,178,0.10719,33.644
3,179,0.12017,33.735
3,180,0.11065,33.611
3,181,0.11782,33.714
3,182,0.10779,33.204
3,183,0.11141,33.466
3,184,0.12023,34.15
3,185,0.10861,33.337
3,186,0.11359,33.895
3,187,0.11409,33.499
3,188,0.11419,33.506
3,189,0.11741,33.577
3,190,0.11354,33.846
3,191,0.11309,33.312
3,192,0.11713,33.64
3,193,0.11939,33.837
3,194,0.11782,33.718
3,195,0.11561,33.687
3,196,0.12269,33.668
3,197,0.11976,33.991
3,198,0.12243,34.118
3,199,0.11877,33.39
3,200,0.12248,33.93
3,201,0.12779,34.24
3,202,0.12511,34.082
3,203,0.12285,33.624
3,204,0.12475,34.116
3,205,0.12757,34.163
3,206,0.12391,33.843
3,207,0.12824,33.905
3,208,0.12493,33.984
3,209,0.13073,34.042
3,210,0.12373,33.744
3,211,0.1299,34.098
3,212,0.13077,34.187
3,213,0.13055,34.13
3,214,0.13107,34.321
3,215,0.13771,34.035
3,216,0.1317,34.115
3,217,0.13241,34.486
3,218,0.13512,34.041
3,219,0.13738,34.317
3,220,0.13698,34.614
3,221,0.13794,34.218
3,222,0.1295,34.016
3,223,0.14334,34.407
3,224,0.12995,33.961
3,225,0.14369,34.544
3,226,0.13718,34.145
3,227,0.13972,34.194
3,228,0.13407,34.326
3,229,0.14806,34.25
3,230,0.14885,34.555
3,231,0.14963,34.605
3,232,0.14614,34.576
3,233,0.14331,34.664
3,234,0.14286,34.332
3,235,0.15033,34.514
3,236,0.15224,34.943
3,237,0.15409,34.331
3,238,0.15145,34.852
3,239,0.14661,34.659
3,240,0.15548,34.514
3,241,0.15708,34.855
3,242,0.1573,34.613
3,243,0.15626,34.437
3,244,0.14752,34.568
3,245,0.162,34.985
3,246,0.15833,34.797
3,247,0.15581,34.721
3,248,0.16228,34.854
3,249,0.16461,35.044
3,250,0.1639,35.163
3,251,0.16156,35.054
3,252,0.16316,35.034
3,253,0.16318,34.784
3,254,0.1672,34.698
3,255,0.16672,34.741
3,256,0.17211,35.419
3,257,0.16663,35.146
3,258,0.17479,35.463
3,259,0.17317,35.385
3,260,0.17084,35.191
3,261,0.1727,35.079
3,262,0.17587,35.381
3,263,0.18154,35.519
3,264,0.18062,35.572
3,265,0.18999,35.334
3,266,0.17768,35.656
3,267,0.28023,47.43596376729571
3,268,0.18377,35.948
3,269,0.17963,35.659
3,270,0.19232,35.557
3,271,0.18971,35.496
3,272,0.18796,35.59
3,273,0.1795,35.496
3,274,0.19098,36.019
3,275,0.19415,36.268
3,276,0.19345,35.77
3,277,0.19361,35.707
3,278,0.18685,35.567
3,279,0.18876,35.754
3,280,0.19344,35.612
3,281,0.1971,35.849
3,282,0.2012,36.219
3,283,0.20026,36.072
3,284,0.21491,36.451
3,285,0.2047,35.941
3,286,0.20609,35.958
3,287,0.2094,36.246
3,288,0.20115,35.997
3,289,0.21559,36.314
3,290,0.21018,35.971
3,291,0.20687,36.323
3,292,0.21511,36.535
3,293,0.2235,36.794
3,294,0.21677,36.455
3,295,0.21805,36.319
3,296,0.22347,36.442
3,297,0.21487,36.197
3,298,0.2241,36.93
3,299,0.225,36.753
3,300,0.22794,36.976
3,301,0.23491,37.156
3,302,0.22503,36.692
3,303,0.2367,37.045
3,304,0.23793,37.014
3,305,0.23413,36.56
3,306,0.23628,37.493
3,307,0.23869,36.631
3,308,0.24534,37.376
3,309,0.24936,37.408
3,310,0.24941,37.683
3,311,0.24488,37.003
3,312,0.24533,37.151
3,313,0.25732,37.636
3,314,0.25543,37.115
3,315,0.2526,37.035
3,316,0.26198,37.975
3,317,0.26236,37.471
3,318,0.26713,37.747
3,319,0.25833,37.365
3,320,0.26346,37.708
3,321,0.26655,37.5
3,322,0.27409,37.958
3,323,0.26844,38.056
3,324,0.26864,37.513
3,325,0.28056,38.542
3,326,0.27573,38.023
3,327,0.27513,38.017
3,328,0.27997,38.128
3,329,0.28569,38.084
3,330,0.28481,37.919
3,331,0.28705,38.322
3,332,0.29163,38.513
3,333,0.29659,38.293
3,334,0.28932,38.508
3,335,0.28941,38.442
3,336,0.29518,38.877
3,337,0.30325,38.738
3,338,0.30953,38.741
3,339,0.30352,38.537
3,340,0.30598,38.869
3,341,0.31385,39.263
3,342,0.30704,38.851
3,343,0.3124,38.99
3,344,0.32868,39.533
3,345,0.32548,39.78
3,346,0.32895,39.393
3,347,0.32193,39.285
3,348,0.32737,39.134
3,349,0.33324,39.652
3,350,0.34201,39.766
3,351,0.33875,39.616
3,352,0.34383,39.863
3,353,0.33839,39.737
3,354,0.3474,40.036
3,355,0.35282,39.843
3,356,0.34808,40.131
3,357,0.35139,40.142
3,358,0.34749,40.53
3,359,0.35899,40.539
3,360,0.36165,40.456
3,361,0.37192,40.886
3,362,0.36812,40.522
3,363,0.37596,41.23
3,364,0.37576,41.149
3,365,0.37709,40.984
3,366,0.38556,40.943
3,367,0.3813,41.138
3,368,0.38532,40.839
3,369,0.3879,40.981
3,370,0.39728,41.447
3,371,0.39997,41.501
3,372,0.39802,41.503
3,373,0.40844,41.765
3,374,0.40885,41.506
3,375,0.41128,41.561
3,376,0.41374,41.464
3,377,0.41075,41.673
3,378,0.41857,41.945
3,379,0.42373,42.07
3,380,0.43025,42.149
3,381,0.43051,42.54
3,382,0.43501,42.336
3,383,0.43898,42.447
3,384,0.43949,42.294
3,385,0.44299,42.764
3,386,0.44727,42.675
3,387,0.45639,42.898
3,388,0.45994,42.743
3,389,0.46074,43.088
3,390,0.46526,42.865
3,391,0.47391,43.261
3,392,0.47441,43.447
3,393,0.4811,44.065
3,394,0.47597,43.358
3,395,0.48598,43.539
3,396,0.49248,44.106
3,397,0.49575,44.074
3,398,0.5032,43.998
3,399,0.50223,44.055
3,400,0.50982,44.043
3,401,0.51047,44.495
3,402,0.51117,44.321
3,403,0.51943,44.863
3,404,0.51969,44.507
3,405,0.53282,44.982
3,406,0.52975,45.098
3,407,0.53549,45.315
3,408,0.53942,45.184
3,409,0.55052,45.473
3,410,0.55449,45.614
3,411,0.56415,46.204
3,412,0.55572,45.765
3,413,0.56262,45.887
3,414,0.57106,45.867
3,415,0.57997,46.362
3,416,0.57959,46.223
3,417,0.58633,46.576
3,418,0.59036,46.038
3,419,0.59607,46.471
3,420,0.60036,46.595
3,421,0.60077,47.134
3,422,0.61044,47.072
3,423,0.61899,47.31
3,424,0.63087,47.653
3,425,0.62936,47.861
3,426,0.6398,47.802
3,427,0.63727,48.137
3,428,0.64778,48.383
3,429,0.64472,48.394
3,430,0.65286,48.345
3,431,0.66107,48.355
3,432,0.66183,48.202
3,433,0.67384,48.573
3,434,0.67475,48.86
3,435,0.67472,49.058
3,436,0.68168,49.076
3,437,0.69749,49.63
3,438,0.70342,50.088
3,439,0.71067,50.092
3,440,0.71319,49.975
3,441,0.72862,50.323
3,442,0.7296,50.593
3,443,0.73232,50.039
3,444,0.74284,50.956
3,445,0.743,50.896
3,446,0.75776,50.71
3,447,0.75802,51.093
3,448,0.76783,51.29
3,449,0.7722,51.892
3,450,0.78187,51.682
3,451,0.78911,52.126
3,452,0.79652,52.179
3,453,0.80083,52.205
3,454,0.80821,52.607
3,455,0.81387,52.772
3,456,0.83082,53.22
3,457,0.83107,52.902
3,458,0.84632,53.343
3,459,0.85093,53.831
3,460,0.85419,53.739
3,461,0.85547,53.892
3,462,0.87304,54.087
3,463,0.87776,54.441
3,464,0.88862,54.73
3,465,0.88774,54.6
3,466,0.9032,55.295
3,467,0.90795,55.694
3,468,0.91105,55.228
3,469,0.92658,55.723
3,470,0.93034,55.956
3,471,0.9452,56.28
3,472,0.95356,56.414
3,473,0.95437,56.377
3,474,0.97015,56.983
3,475,0.97846,57.287
3,476,0.98483,57.356
3,477,0.99838,57.703
3,478,1.00014,57.575
4,0,0.06203,34.711
4,1,0.06086,34.512
4,2,0.05718,34.531
4,3,0.06579,34.559
4,4,0.06046,34.554
4,5,0.0,23.967019836818583
4,6,0.0709,34.741
4,7,0.06115,34.391
4,8,0.06564,34.609
4,9,0.06015,34.757
4,10,0.06851,34.604
4,11,0.05545,34.564
4,12,0.06026,34.654
4,13,0.05521,34.534
4,14,0.05833,34.588
4,15,0.06332,34.39
4,16,0.06173,34.674
4,17,0.06387,34.712
4,18,0.07144,34.493
4,19,0.0701,34.789
4,20,0.06012,34.226
4,21,0.06306,34.757
4,22,0.0634,34.885
4,23,0.0582,34.436
4,24,0.05909,34.536
4,25,0.06774,34.619
4,26,0.05388,34.359
4,27,0.06614,34.739
4,28,0.06944,34.536
4,29,0.06732,34.93
4,30,0.05758,34.485
4,31,0.06278,34.549
4,32,0.0663,34.565
4,33,0.06231,34.559
4,34,0.06077,34.293
4,35,0.06794,34.479
4,36,0.068,34.803
4,37,0.05854,34.312
4,38,0.07033,34.579
4,39,0.06381,34.686
4,40,0.06891,34.685
4,41,0.0635,34.87
4,42,0.0,23.051555118194983
4,43,0.06647,34.506
4,44,0.06292,34.674
4,45,0.06804,34.991
4,46,0.06908,34.44
4,47,0.07081,34.588
4,48,0.06519,34.682
4,49,0.07483,35.521
4,50,0.0694,34.712
4,51,0.06924,34.922
4,52,0.06594,35.012
4,53,0.06828,34.817
4,54,0.07015,34.854
4,55,0.07097,34.669
4,56,0.06552,34.421
4,57,0.06964,34.911
4,58,0.06985,35.096
4,59,0.06813,34.848
4,60,0.06393,34.52
4,61,0.07121,34.969
4,62,0.0674,34.679
4,63,0.06264,34.49
4,64,0.07242,34.948
4,65,0.07101,34.803
4,66,0.06918,34.611
4,67,0.07209,34.908
4,68,0.07142,34.7
4,69,0.06099,34.735
4,70,0.06784,34.533
4,71,0.07268,34.761
4,72,0.0743,35.008
4,73,0.07295,34.574
4,74,0.07522,34.963
4,75,0.06906,34.768
4,76,0.06359,34.67
4,77,0.06674,34.405
4,78,0.06494,34.848
4,79,0.0,23.966992117401805
4,80,0.06922,34.402
4,81,0.06707,34.931
4,82,0.07108,34.686
4,83,0.07252,34.936
4,84,0.07652,35.236
4,85,0.07079,34.522
4,86,0.07075,34.838
4,87,0.06873,34.539
4,88,0.07414,34.871
4,89,0.07309,34.699
4,90,0.07222,34.642
4,91,0.07689,35.164
4,92,0.06613,34.472
4,93,0.06772,34.572
4,94,0.07357,34.575
4,95,0.07041,34.576
4,96,0.07512,34.921
4,97,0.07161,34.845
4,98,0.07251,34.781
4,99,0.08159,35.355
4,100,0.06991,34.929
4,101,0.07856,34.773
4,102,0.17880000000000001,40.918909511847914
4,103,0.07124,34.617
4,104,0.08002,35.098
4,105,0.07837,35.066
4,106,0.07794,34.72
4,107,0.08079,35.299
4,108,0.07591,34.921
4,109,0.07092,34.894
4,110,0.07956,35.018
4,111,0.082,35.031
4,112,0.07999,34.839
4,113,0.07787,34.949
4,114,0.07911,34.944
4,115,0.07792,35.15
4,116,0.07694,34.637
4,117,0.08593,35.483
4,118,0.074,35.014
4,119,0.07741,35.024
4,120,0.08085,35.019
4,121,0.07679,34.816
4,122,0.07652,34.78
4,123,0.08017,34.904
4,124,0.08343,35.435
4,125,0.07864,35.053
4,126,0.08323,35.227
4,127,0.0818,35.241
4,128,0.0837,34.898
4,129,0.08552,35.373
4,130,0.07927,35.03
4,131,0.08533,35.149
4,132,0.08717,35.714
4,133,0.08002,34.767
4,134,0.08467,35.317
4,135,0.08282,35.412
4,136,0.07869,35.145
4,137,0.08191,35.44
4,138,0.09261,35.239
4,139,0.08274,35.291
4,140,0.0837,35.136
4,141,0.08566,34.816
4,142,0.08581,35.066
4,143,0.08421,35.448
4,144,0.08147,35.246
4,145,0.08571,35.145
4,146,0.09031,35.396
4,147,0.08976,35.507
4,148,0.08648,35.1
4,149,0.0838,34.983
4,150,0.10027,35.854
4,151,0.08341,34.873
4,152,0.09109,35.46
4,153,0.09171,35.316
4,154,0.08936,35.368
4,155,0.09056,34.892
4,156,0.08966,35.14
4,157,0.09164,35.962
4,158,0.09277,35.334
4,159,0.09536,35.565
4,160,0.09373,35.545
4,161,0.10065,35.389
4,162,0.0947,35.265
4,163,0.09541,35.286
4,164,0.09191,35.314
4,165,0.09787,35.722
4,166,0.08938,35.314
4,167,0.09193,35.122
4,168,0.0943,35.377
4,169,0.10529,35.83
4,170,0.09048,35.22
4,171,0.10049,36.028
4,172,0.09048,34.957
4,173,0.10474,35.806
4,174,0.09421,35.543
4,175,0.08757,35.253
4,176,0.09986,35.778
4,177,0.09494,35.474
4,178,0.09574,35.53
4,179,0.09631,35.413
4,180,0.09636,35.626
4,181,0.10424,35.668
4,182,0.10142,35.347
4,183,0.10054,35.602
4,184,0.1127,35.727
4,185,0.10855,36.033
4,186,0.1043,36.068
4,187,0.10515,35.818
4,188,0.10394,35.951
4,189,0.10904,35.723
4,190,0.09988,35.553
4,191,0.10247,35.653
4,192,0.11113,35.814
4,193,0.10653,35.79
4,194,0.11062,35.442
4,195,0.10532,35.787
4,196,0.11308,35.861
4,197,0.10132,35.758
4,198,0.10683,35.548
4,199,0.10742,35.766
4,200,0.10805,35.379
4,201,0.11462,36.257
4,202,0.11421,35.763
4,203,0.11137,35.911
4,204,0.11515,36.151
4,205,0.1104,35.902
4,206,0.11576,36.325
4,207,0.11734,36.235
4,208,0.11546,36.308
4,209,0.11737,35.906
4,210,0.12196,36.345
4,211,0.11519,35.922
4,212,0.11878,36.21
4,213,0.11901,36.186
4,214,0.12566,36.523
4,215,0.12027,36.347
4,216,0.11603,36.121
4,217,0.12805,36.331
4,218,0.11809,35.968
4,219,0.11779,35.933
4,220,0.12135,35.908
4,221,0.12358,36.431
4,222,0.12058,36.471
4,223,0.12695,36.55
4,224,0.12298,36.405
4,225,0.12196,36.384
4,226,0.12773,36.476
4,227,0.12307,36.057
4,228,0.13089,36.264
4,229,0.1311,36.186
4,230,0.13339,36.276
4,231,0.13296,36.636
4,232,0.12873,36.51
4,233,0.13333,36.413
4,234,0.12903,36.009
4,235,0.13525,36.261
4,236,0.13503,36.515
4,237,0.13817,36.595
4,238,0.13495,36.712
4,239,0.13842,36.725
4,240,0.13979,36.393
4,241,0.14177,36.877
4,242,0.13552,36.533
4,243,0.14029,36.687
4,244,0.14264,37.065
4,245,0.1465,36.623
4,246,0.14554,37.125
4,247,0.14549,37.076
4,248,0.15288,37.268
4,249,0.14674,37.101
4,250,0.14723,36.911
4,251,0.14617,37.189
4,252,0.14523,37.157
4,253,0.15145,36.743
4,254,0.15187,36.615
4,255,0.15386,37.267
4,256,0.14996,37.007
4,257,0.16113,37.19
4,258,0.15007,37.281
4,259,0.16315,37.348
4,260,0.16036,37.538
4,261,0.15436,37.007
4,262,0.16328,37.688
4,263,0.16165,37.13
4,264,0.1684,37.387
4,265,0.16017,37.333
4,266,0.1688,37.675
4,267,0.16533,37.5
4,268,0.16493,37.508
4,269,0.15575,37.083
4,270,0.16794,37.25
4,271,0.16965,37.487
4,272,0.17626,38.025
4,273,0.16853,37.466
4,274,0.17126,37.482
4,275,0.1735,37.483
4,276,0.16939,37.645
4,277,0.17762,37.588
4,278,0.17989,37.685
4,279,0.17854,37.938
4,280,0.17863,37.867
4,281,0.17794,37.718
4,282,0.18044,37.677
4,283,0.18183,37.555
4,284,0.18185,37.809
4,285,0.18409,37.879
4,286,0.18617,38.081
4,287,0.19124,37.996
4,288,0.18426,37.724
4,289,0.18847,37.979
4,290,0.1887,37.796
4,291,0.19133,38.165
4,292,0.19692,38.172
4,293,0.19429,38.025
4,294,0.19724,38.122
4,295,0.20108,38.042
4,296,0.1988,38.396
4,297,0.20243,38.975
4,298,0.20457,38.294
4,299,0.20428,38.132
4,300,0.20584,38.364
4,301,0.21134,38.573
4,302,0.20875,38.484
4,303,0.21772,38.795
4,304,0.21966,39.076
4,305,0.21583,38.881
4,306,0.21708,38.456
4,307,0.216,38.981
4,308,0.21855,38.602
4,309,0.22018,39.269
4,310,0.32703000000000004,52.20705748780067
4,311,0.22753,39.058
4,312,0.2186,38.699
4,313,0.23338,39.239
4,314,0.22788,39.082
4,315,0.23822,39.753
4,316,0.24124,39.48
4,317,0.23533,39.044
4,318,0.24185,39.295
4,319,0.23863,39.22
4,320,0.23724,39.233
4,321,0.23901,39.342
4,322,0.24112,39.675
4,323,0.24079,39.543
4,324,0.25199,39.707
4,325,0.24617,39.602
4,326,0.25571,39.952
4,327,0.25083,39.874
4,328,0.25053,39.906
4,329,0.25858,39.931
4,330,0.25562,39.733
4,331,0.26316,40.365
4,332,0.26054,40.138
4,333,0.25683,39.827
4,334,0.26716,40.048
4,335,0.26567,40.055
4,336,0.27274,40.347
4,337,0.26479,39.74
4,338,0.27351,40.498
4,339,0.26716,40.13
4,340,0.27828,40.816
4,341,0.28111,40.693
4,342,0.2855,40.312
4,343,0.29031,40.915
4,344,0.2916,41.693
4,345,0.28358,41.03
4,346,0.29315,41.008
4,347,0.29651,40.959
4,348,0.29684,41.119
4,349,0.2955,41.166
4,350,0.30237,40.98
4,351,0.30474,41.523
4,352,0.30692,41.404
4,353,0.30868,41.533
4,354,0.31692,41.979
4,355,0.31608,41.72
4,356,0.3198,41.948
4,357,0.31918,41.821
4,358,0.32395,41.791
4,359,0.3278,41.961
4,360,0.3297,42.006
4,361,0.33924,42.425
4,362,0.33919,42.135
4,363,0.33497,42.301
4,364,0.34487,42.679
4,365,0.34182,42.254
4,366,0.34058,42.187
4,367,0.35405,42.545
4,368,0.35559,42.643
4,369,0.35731,42.499
4,370,0.35937,42.188
4,371,0.36133,42.514
4,372,0.36998,43.235
4,373,0.37013,43.388
4,374,0.36761,43.364
4,375,0.3783,43.263
4,376,0.38232,43.201
4,377,0.37771,43.172
4,378,0.38216,43.206
4,379,0.39247,43.651
4,380,0.39232,43.585
4,381,0.38699,43.605
4,382,0.39003,43.622
4,383,0.39564,44.188
4,384,0.40822,44.161
4,385,0.41314,44.107
4,386,0.41379,44.334
4,387,0.41625,44.617
4,388,0.42173,44.572
4,389,0.41583,44.159
4,390,0.42564,44.641
4,391,0.42533,45.096
4,392,0.43967,45.132
4,393,0.43768,44.914
4,394,0.43742,44.965
4,395,0.44613,44.942
4,396,0.45034,45.276
4,397,0.44532,44.996
4,398,0.45528,45.822
4,399,0.46319,45.396
4,400,0.46697,45.459
4,401,0.47347,45.854
4,402,0.47291,46.198
4,403,0.47233,45.637
4,404,0.47937,46.32
4,405,0.47991,45.56
4,406,0.4885,46.475
4,407,0.49946,46.576
4,408,0.49742,46.843
4,409,0.49603,46.496
4,410,0.50877,47.016
4,411,0.5105,46.982
4,412,0.50717,46.751
4,413,0.52357,47.14
4,414,0.52666,47.512
4,415,0.52978,47.543
4,416,0.53207,47.531
4,417,0.54318,47.912
4,418,0.54325,47.927
4,419,0.55337,47.753
4,420,0.56011,48.282
4,421,0.56219,48.647
4,422,0.56006,48.206
4,423,0.56951,48.453
4,424,0.58277,48.806
4,425,0.57882,48.909
4,426,0.5815,48.863
4,427,0.5929,49.192
4,428,0.59663,49.256
4,429,0.59637,49.419
4,430,0.61493,49.873
4,431,0.61435,49.992
4,432,0.61397,50.183
4,433,0.6255,50.488
4,434,0.62746,50.58
4,435,0.63926,50.654
4,436,0.64291,50.595
4,437,0.65266,50.943
4,438,0.64592,50.505
4,439,0.65904,51.154
4,440,0.66561,51.518
4,441,0.66415,51.262
4,442,0.67086,51.571
4,443,0.684,51.867
4,444,0.68722,52.128
4,445,0.70121,52.377
4,446,0.70295,52.425
4,447,0.70713,52.596
4,448,0.72311,53.082
4,449,0.72022,52.86
4,450,0.72466,53.025
4,451,0.73839,52.917
4,452,0.73876,53.245
4,453,0.7491,53.346
4,454,0.75882,53.907
4,455,0.76351,53.836
4,456,0.77559,54.653
4,457,0.77663,54.228
4,458,0.78777,54.588
4,459,0.79257,54.94
4,460,0.79288,55.065
4,461,0.80827,55.145
4,462,0.81516,55.411
4,463,0.8162,55.746
4,464,0.83098,55.946
4,465,0.84239,55.969
4,466,0.84832,56.284
4,467,0.85773,56.173
4,468,0.86195,56.595
4,469,0.87216,57.092
4,470,0.87576,56.956
4,471,0.88639,57.214
4,472,0.89853,57.656
4,473,0.89195,57.472
4,474,0.90791,57.663
4,475,0.9157,58.227
4,476,0.93463,58.792
4,477,0.93564,58.849
4,478,0.94506,58.88
4,479,0.95121,58.839
4,480,0.96328,59.556
4,481,0.97356,59.726
4,482,0.97937,60.091
4,483,0.98717,60.341
4,484,0.99781,60.331
4,485,1.00543,60.592
5,0,0.06362,35.743
5,1,0.06098,35.864
5,2,0.05934,35.469
5,3,0.06323,35.758
5,4,0.06866,35.978
5,5,0.06525,35.63
5,6,0.0572,35.23
5,7,0.07173,35.474
5,8,0.06169,35.829
5,9,0.06583,35.885
5,10,0.06732,36.029
5,11,0.1665,46.16262542352813
5,12,0.06259,35.739
5,13,0.06408,35.567
5,14,0.06941,35.966
5,15,0.07277,36.191
5,16,0.06986,35.452
5,17,0.07369,36.072
5,18,0.0635,35.79
5,19,0.06261,35.746
5,20,0.06168,35.439
5,21,0.06999,36.014
5,22,0.06865,35.71
5,23,0.05909,35.496
5,24,0.06989,35.734
5,25,0.06787,35.712
5,26,0.06689,35.74
5,27,0.0673,36.024
5,28,0.05979,35.446
5,29,0.06535,35.732
5,30,0.06937,36.109
5,31,0.0771,35.815
5,32,0.06953,35.828
5,33,0.06657,35.843
5,34,0.06905,35.563
5,35,0.06914,35.579
5,36,0.17465,50.235034693509625
5,37,0.07174,35.864
5,38,0.07163,36.075
5,39,0.07592,35.918
5,40,0.07255,35.991
5,41,0.06726,35.977
5,42,0.07903,36.249
5,43,0.06739,35.343
5,44,0.07549,35.779
5,45,0.07409,36.205
5,46,0.07061,35.739
5,47,0.07464,35.651
5,48,0.07081,35.824
5,49,0.07294,35.992
5,50,0.08552,36.192
5,51,0.07141,36.117
5,52,0.06874,35.492
5,53,0.07305,35.816
5,54,0.07328,35.872
5,55,0.0772,36.186
5,56,0.07681,35.85
5,57,0.08085,35.896
5,58,0.07062,36.056
5,59,0.08208,35.931
5,60,0.07628,35.767
5,61,0.07956,36.375
5,62,0.08144,36.281
5,63,0.0823,36.094
5,64,0.08374,36.278
5,65,0.08557,36.081
5,66,0.07326,36.087
5,67,0.08202,36.029
5,68,0.08008,36.552
5,69,0.0789,35.842
5,70,0.08224,36.329
5,71,0.09145,36.445
5,72,0.0777,36.378
5,73,0.08316,35.948
5,74,0.07938,36.192
5,75,0.08512,36.231
5,76,0.08979,36.113
5,77,0.09059,36.189
5,78,0.09427,36.501
5,79,0.08243,35.693
5,80,0.08986,36.201
5,81,0.08651,36.349
5,82,0.0917,36.565
5,83,0.08349,36.408
5,84,0.08641,35.742
5,85,0.08457,36.192
5,86,0.18592,46.711063348875236
5,87,0.09176,36.285
5,88,0.089,36.005
5,89,0.09166,35.906
5,90,0.08942,36.08
5,91,0.09181,36.28
5,92,0.09722,36.769
5,93,0.08954,36.666
5,94,0.09152,36.35
5,95,0.09733,36.944
5,96,0.09377,36.01
5,97,0.10257,36.414
5,98,0.09584,36.195
5,99,0.09654,36.268
5,100,0.10138,36.568
5,101,0.09666,36.638
5,102,0.10113,36.177
5,103,0.10452,36.664
5,104,0.10715,36.715
5,105,0.09918,36.458
5,106,0.10633,36.516
5,107,0.10213,36.526
5,108,0.10009,36.37
5,109,0.10619,36.908
5,110,0.10759,36.691
5,111,0.10383,36.83
5,112,0.10974,36.611
5,113,0.11246,36.929
5,114,0.10648,36.654
5,115,0.10866,37.253
5,116,0.11366,36.884
5,117,0.11434,37.138
5,118,0.11305,36.714
5,119,0.11771,36.908
5,120,0.11102,36.53
5,121,0.1224,37.082
5,122,0.11492,36.829
5,123,0.12152,36.976
5,124,0.11352,36.908
5,125,0.12519,37.351
5,126,0.11918,37.232
5,127,0.12335,37.327
5,128,0.12589,36.835
5,129,0.1317,37.289
5,130,0.12815,36.925
5,131,0.12902,37.435
5,132,0.13591,37.659
5,133,0.13157,36.967
5,134,0.13109,37.145
5,135,0.13273,37.06
5,136,0.13219,37.187
5,137,0.13211,37.181
5,138,0.13505,37.416
5,139,0.1269,36.688
5,140,0.13687,37.363
5,141,0.14034,37.34
5,142,0.14099,37.527
5,143,0.13941,37.666
5,144,0.14448,37.694
5,145,0.14548,38.03
5,146,0.14906,37.597
5,147,0.15145,37.424
5,148,0.15015,37.785
5,149,0.15174,37.692
5,150,0.14872,37.529
5,151,0.15477,37.609
5,152,0.16305,37.502
5,153,0.25632,44.9437778658436
5,154,0.16131,37.805
5,155,0.16551,37.81
5,156,0.16043,38.091
5,157,0.1686,37.882
5,158,0.1768,38.18
5,159,0.16277,38.124
5,160,0.16846,38.061
5,161,0.1741,37.99
5,162,0.16681,38.001
5,163,0.17985,38.322
5,164,0.18389,38.77
5,165,0.18061,38.519
5,166,0.18263,38.531
5,167,0.18209,38.436
5,168,0.18136,38.027
5,169,0.19218,38.76
5,170,0.18994,38.754
5,171,0.18879,38.447
5,172,0.1932,39.026
5,173,0.19192,38.197
5,174,0.1968,39.068
5,175,0.19429,38.543
5,176,0.20465,39.541
5,177,0.20057,38.65
5,178,0.20981,39.392
5,179,0.20845,38.794
5,180,0.21521,39.403
5,181,0.22316,39.602
5,182,0.22197,39.39
5,183,0.23108,39.581
5,184,0.22157,39.795
5,185,0.22086,39.046
5,186,0.23002,39.635
5,187,0.23146,39.869
5,188,0.23162,39.686
5,189,0.23673,39.618
5,190,0.2409,40.067
5,191,0.25265,40.294
5,192,0.23719,39.8
5,193,0.25055,40.315
5,194,0.25426,40.467
5,195,0.25831,40.625
5,196,0.25826,40.341
5,197,0.26664,40.399
5,198,0.26356,40.313
5,199,0.26715,40.63
5,200,0.2663,40.194
5,201,0.28464,40.799
5,202,0.28159,40.574
5,203,0.28483,40.805
5,204,0.28192,41.147
5,205,0.29669,41.212
5,206,0.2998,41.689
5,207,0.30272,41.474
5,208,0.30447,41.55
5,209,0.30625,41.407
5,210,0.31361,41.544
5,211,0.31451,41.66
5,212,0.3248,41.681
5,213,0.32754,42.131
5,214,0.33202,41.919
5,215,0.32654,42.061
5,216,0.33858,42.438
5,217,0.23961000000000002,33.43977205108137
5,218,0.35129,42.523
5,219,0.35348,42.671
5,220,0.35334,42.697
5,221,0.368,42.947
5,222,0.36064,42.629
5,223,0.36442,43.115
5,224,0.37972,43.123
5,225,0.37621,42.973
5,226,0.38463,43.363
5,227,0.39287,43.807
5,228,0.39527,43.295
5,229,0.39898,43.681
5,230,0.40634,43.803
5,231,0.41319,44.224
5,232,0.41849,44.078
5,233,0.42964,44.307
5,234,0.43449,44.603
5,235,0.43949,44.429
5,236,0.45007,45.354
5,237,0.45151,44.735
5,238,0.45802,45.298
5,239,0.46198,45.17
5,240,0.47244,45.687
5,241,0.48092,45.813
5,242,0.48297,45.779
5,243,0.48876,46.006
5,244,0.50333,46.297
5,245,0.50445,46.173
5,246,0.52045,46.527
5,247,0.52486,46.77
5,248,0.52687,46.482
5,249,0.53673,47.005
5,250,0.5509,47.155
5,251,0.56078,47.639
5,252,0.56116,47.454
5,253,0.56909,47.857
5,254,0.57989,47.826
5,255,0.59022,48.342
5,256,0.59561,48.354
5,257,0.59819,48.475
5,258,0.61152,48.503
5,259,0.62295,49.253
5,260,0.62602,48.923
5,261,0.63703,49.396
5,262,0.64664,49.609
5,263,0.65819,49.625
5,264,0.66206,49.447
5,265,0.68076,50.443
5,266,0.69127,50.464
5,267,0.69742,50.882
5,268,0.70549,50.722
5,269,0.7253,51.787
5,270,0.72754,51.663
5,271,0.73806,51.614
5,272,0.75841,51.97
5,273,0.76124,52.386
5,274,0.78046,53.009
5,275,0.77882,52.789
5,276,0.79743,53.19
5,277,0.81186,53.3
5,278,0.81998,53.872
5,279,0.73676,45.235221694170605
5,280,0.84551,54.365
5,281,0.86246,54.802
5,282,0.86837,54.69
5,283,0.87983,55.502
5,284,0.90249,55.733
5,285,0.91113,55.847
5,286,0.93123,56.824
5,287,0.93856,56.847
5,288,0.95546,56.982
5,289,0.97596,57.513
5,290,0.98596,57.805
5,291,0.99334,57.99
5,292,1.01291,58.117
6,0,0.07094,31.537
6,1,0.06791,31.418
6,2,0.06405,31.576
6,3,0.06392,31.232
6,4,0.06304,31.441
6,5,0.07085,31.573
6,6,0.06738,31.324
6,7,0.07352,31.59
6,8,0.07304,31.511
6,9,0.07261,31.939
6,10,0.07434,31.636
6,11,0.07314,31.643
6,12,0.07226,31.606
6,13,0.07169,31.7
6,14,0.0685,31.381
6,15,0.06704,31.23
6,16,0.06786,31.601
6,17,0.06928,31.705
6,18,0.07312,31.297
6,19,0.07574,31.913
6,20,0.06928,31.686
6,21,0.06997,31.637
6,22,0.06848,31.225
6,23,0.07215,31.643
6,24,0.07224,31.433
6,25,0.07238,31.727
6,26,0.07395,31.746
6,27,0.0716,31.89
6,28,0.06973,31.71
6,29,0.07933,31.93
6,30,0.07395,31.604
6,31,0.07907,31.543
6,32,0.07122,31.567
6,33,0.08022,31.93
6,34,0.07157,31.593
6,35,0.07317,31.55
6,36,0.07972,31.568
6,37,0.08243,32.071
6,38,0.08054,31.769
6,39,0.07577,31.465
6,40,0.07447,31.82
6,41,0.08195,31.673
6,42,0.0755,31.715
6,43,0.07159,31.773
6,44,0.07449,31.683
6,45,0.07579,31.594
6,46,0.07779,31.755
6,47,0.07655,31.624
6,48,0.07954,32.169
6,49,0.07905,32.027
6,50,0.07316,31.723
6,51,0.07457,31.429
6,52,0.07625,32.001
6,53,0.08325,31.973
6,54,0.07357,31.662
6,55,0.08116,31.911
6,56,0.07284,31.506
6,57,0.08022,31.962
6,58,0.07197,31.631
6,59,0.0816,32.056
6,60,0.08408,32.06
6,61,0.07839,31.43
6,62,0.08031,32.057
6,63,0.08775,32.17
6,64,0.08419,32.022
6,65,0.08055,31.836
6,66,0.08977,31.886
6,67,0.08987,32.013
6,68,0.08903,31.776
6,69,0.0864,31.85
6,70,0.07873,31.864
6,71,0.08877,31.883
6,72,0.07908,31.81
6,73,0.08508,32.076
6,74,0.08959,32.059
6,75,0.09358,32.207
6,76,0.08514,31.646
6,77,0.08586,31.917
6,78,0.09113,32.199
6,79,0.08297,31.952
6,80,0.09077,32.403
6,81,0.09204,32.279
6,82,0.08915,32.138
6,83,0.09433,31.913
6,84,0.08836,31.888
6,85,0.09171,32.366
6,86,0.08825,31.562
6,87,0.08945,32.25
6,88,0.09371,32.251
6,89,0.09091,31.845
6,90,0.09457,32.019
6,91,0.10173,32.465
6,92,0.09116,31.985
6,93,0.09362,32.116
6,94,0.09897,32.324
6,95,0.0921,32.507
6,96,0.09576,32.367
6,97,0.09367,32.237
6,98,0.0979,31.884
6,99,0.10528,32.691
6,100,0.0962,32.003
6,101,0.09976,32.323
6,102,0.10039,32.358
6,103,0.1016,32.637
6,104,0.20246,43.539509062070564
6,105,0.10626,32.783
6,106,0.11406,32.411
6,107,0.10307,31.965
6,108,0.10497,32.316
6,109,0.11113,32.413
6,110,0.09736,32.156
6,111,0.09691,32.39
6,112,0.09726,32.253
6,113,0.09793,32.199
6,114,0.11355,32.696
6,115,0.10428,32.403
6,116,0.10856,32.603
6,117,0.1038,32.517
6,118,0.09924,32.167
6,119,0.10891,32.643
6,120,0.11177,32.301
6,121,0.10858,32.549
6,122,0.11305,32.496
6,123,0.11231,32.734
6,124,0.11304,32.594
6,125,0.12469,32.596
6,126,0.10951,32.687
6,127,0.11513,32.596
6,128,0.11567,32.62
6,129,0.12615,33.075
6,130,0.12419,32.586
6,131,0.11713,32.138
6,132,0.11951,32.952
6,133,0.12585,32.863
6,134,0.12475,32.744
6,135,0.12673,33.081
6,136,0.12054,32.845
6,137,0.13184,32.963
6,138,0.13205,33.613
6,139,0.12998,33.081
6,140,0.12862,33.007
6,141,0.1346,33.148
6,142,0.1299,33.042
6,143,0.14106,33.348
6,144,0.14032,33.194
6,145,0.14076,33.307
6,146,0.13526,33.188
6,147,0.13643,33.025
6,148,0.1425,33.351
6,149,0.13837,33.407
6,150,0.14682,33.25
6,151,0.13981,33.2
6,152,0.14563,33.386
6,153,0.14744,33.004
6,154,0.14884,33.377
6,155,0.15447,33.428
6,156,0.16021,33.318
6,157,0.16033,33.658
6,158,0.16014,33.715
6,159,0.16291,33.685
6,160,0.15564,33.879
6,161,0.16129,33.769
6,162,0.16842,33.683
6,163,0.16763,33.754
6,164,0.16652,33.861
6,165,0.16289,33.606
6,166,0.17616,34.246
6,167,0.17241,34.031
6,168,0.17342,34.277
6,169,0.17577,34.106
6,170,0.18316,34.075
6,171,0.18686,34.009
6,172,0.18922,34.295
6,173,0.18385,33.868
6,174,0.18516,34.068
6,175,0.18675,34.285
6,176,0.19524,34.55
6,177,0.19492,34.282
6,178,0.19248,34.805
6,179,0.19543,34.844
6,180,0.1998,34.614
6,181,0.2075,35.046
6,182,0.20526,34.662
6,183,0.20802,34.871
6,184,0.21439,34.951
6,185,0.21592,35.314
6,186,0.21765,35.088
6,187,0.31277,45.92600714576928
6,188,0.22317,35.134
6,189,0.22238,35.184
6,190,0.22708,35.469
6,191,0.23059,35.175
6,192,0.23718,35.433
6,193,0.23836,35.408
6,194,0.23674,35.483
6,195,0.24254,35.696
6,196,0.24461,35.281
6,197,0.24722,35.867
6,198,0.25107,35.748
6,199,0.25959,35.851
6,200,0.25291,35.808
6,201,0.26064,35.825
6,202,0.26544,36.227
6,203,0.26974,36.289
6,204,0.28072,36.413
6,205,0.27834,36.325
6,206,0.37766999999999995,46.611495216379524
6,207,0.28304,36.607
6,208,0.29832,36.744
6,209,0.2913,36.713
6,210,0.29866,36.948
6,211,0.3064,36.589
6,212,0.29598,36.735
6,213,0.31426,36.942
6,214,0.30226,37.093
6,215,0.31977,37.165
6,216,0.31943,37.181
6,217,0.32848,37.458
6,218,0.33476,37.158
6,219,0.33419,37.49
6,220,0.34152,37.777
6,221,0.35074,37.726
6,222,0.35284,38.257
6,223,0.36527,38.337
6,224,0.36443,38.053
6,225,0.35895,38.456
6,226,0.37398,38.869
6,227,0.37409,38.74
6,228,0.39274,39.151
6,229,0.39215,39.055
6,230,0.39065,39.29
6,231,0.40048,39.346
6,232,0.40278,39.062
6,233,0.42098,39.649
6,234,0.42738,39.851
6,235,0.42064,39.889
6,236,0.43221,40.117
6,237,0.44134,39.88
6,238,0.4487,40.797
6,239,0.45693,40.537
6,240,0.4663,40.807
6,241,0.47001,40.632
6,242,0.47741,41.228
6,243,0.48057,41.379
6,244,0.49111,41.159
6,245,0.50318,41.558
6,246,0.51007,41.716
6,247,0.51478,41.982
6,248,0.52431,41.704
6,249,0.52694,42.35
6,250,0.53933,42.345
6,251,0.543,42.319
6,252,0.54908,42.655
6,253,0.56367,42.818
6,254,0.57485,43.342
6,255,0.59271,43.379
6,256,0.59836,44.007
6,257,0.60016,43.894
6,258,0.61117,44.145
6,259,0.62895,44.639
6,260,0.63503,44.572
6,261,0.63732,44.67
6,262,0.65854,44.895
6,263,0.66013,45.263
6,264,0.67124,45.336
6,265,0.68452,45.527
6,266,0.69354,46.149
6,267,0.70364,45.922
6,268,0.71799,46.719
6,269,0.73157,46.793
6,270,0.7446,46.838
6,271,0.75868,47.589
6,272,0.76757,47.918
6,273,0.77743,48.17
6,274,0.79552,48.295
6,275,0.80801,48.629
6,276,0.82641,48.86
6,277,0.73215,42.12421926518989
6,278,0.84674,49.724
6,279,0.8701,50.003
6,280,0.88046,50.092
6,281,0.89545,50.708
6,282,0.90928,50.858
6,283,0.91597,51.243
6,284,0.92987,51.399
6,285,0.95767,52.143
6,286,0.97777,52.773
6,287,0.98373,52.711
6,288,1.00281,52.83
7,0,0.04551,32.422
7,1,0.04514,32.513
7,2,0.04691,32.803
7,3,0.04802,32.616
7,4,0.0469,32.88
7,5,0.0476,33.061
7,6,0.14982,38.658196898651155
7,7,0.03598,32.446
7,8,0.04472,32.599
7,9,0.04287,32.661
7,10,0.03892,32.574
7,11,0.04314,32.488
7,12,0.04805,32.715
7,13,0.05058,32.562
7,14,0.04612,32.833
7,15,0.04796,32.782
7,16,0.05102,32.685
7,17,0.0442,32.727
7,18,0.04614,32.88
7,19,0.0483,32.58
7,20,0.04825,32.523
7,21,0.05077,32.481
7,22,0.05195,32.851
7,23,0.04648,32.816
7,24,0.04927,32.993
7,25,0.05259,32.872
7,26,0.04391,32.497
7,27,0.0472,32.896
7,28,0.04575,32.572
7,29,0.05505,32.836
7,30,0.04521,32.79
7,31,0.04762,32.411
7,32,0.0521,32.641
7,33,0.04821,32.689
7,34,0.04905,32.283
7,35,0.04688,32.898
7,36,0.05339,32.621
7,37,0.05211,32.638
7,38,0.04703,32.612
7,39,0.04906,32.922
7,40,0.04979,32.713
7,41,0.05271,32.644
7,42,0.04864,32.912
7,43,0.05117,32.676
7,44,0.04312,32.65
7,45,0.04296,32.542
7,46,0.05411,32.955
7,47,0.04141,32.589
7,48,0.04835,32.451
7,49,0.05108,32.669
7,50,0.04792,32.721
7,51,0.04748,32.705
7,52,0.04774,32.584
7,53,0.05421,33.057
7,54,0.04353,32.746
7,55,0.05609,33.192
7,56,0.0527,32.593
7,57,0.05328,32.643
7,58,0.04952,32.809
7,59,0.04781,32.464
7,60,0.05303,33.185
7,61,0.05628,33.026
7,62,0.05536,32.992
7,63,0.05339,32.999
7,64,0.04627,32.699
7,65,0.05156,32.794
7,66,0.05019,32.852
7,67,0.04892,32.612
7,68,0.04973,32.91
7,69,0.05246,32.706
7,70,0.05117,32.77
7,71,0.05931,32.706
7,72,0.05569,32.966
7,73,0.04962,33.028
7,74,0.05548,32.765
7,75,0.04606,32.7
7,76,0.05349,32.616
7,77,0.04967,32.909
7,78,0.0462,32.72
7,79,0.05345,32.92
7,80,0.05321,32.874
7,81,0.1516,43.49451945957253
7,82,0.05672,32.925
7,83,0.05647,32.704
7,84,0.05278,32.691
7,85,0.05424,33.11
7,86,0.05413,32.608
7,87,0.05791,33.191
7,88,0.0509,33.158
7,89,0.05782,33.126
7,90,0.06224,33.214
7,91,0.05614,33.125
7,92,0.05782,33.138
7,93,0.06182,32.792
7,94,0.06042,32.942
7,95,0.05802,32.95
7,96,0.05805,33.23
7,97,0.05247,32.454
7,98,0.05044,32.967
7,99,0.05531,32.89
7,100,0.05819,32.751
7,101,0.0623,32.995
7,102,0.0582,32.975
7,103,0.06228,32.829
7,104,0.06315,33.33
7,105,0.05421,32.894
7,106,0.05896,33.085
7,107,0.05558,33.195
7,108,0.05429,32.791
7,109,0.06273,32.893
7,110,0.0579,32.966
7,111,0.06187,33.012
7,112,0.06528,33.009
7,113,0.06342,32.945
7,114,0.05904,32.89
7,115,0.06074,32.896
7,116,0.0677,33.092
7,117,0.0607,32.99
7,118,0.06408,32.824
7,119,0.06278,32.964
7,120,0.06361,33.196
7,121,0.06517,33.331
7,122,0.06491,33.435
7,123,0.06345,32.893
7,124,0.06782,33.418
7,125,0.06046,32.94
7,126,0.06388,33.085
7,127,0.06672,33.39
7,128,0.06661,33.393
7,129,0.06615,33.293
7,130,0.06869,33.511
7,131,0.06225,32.787
7,132,0.07586,33.18
7,133,0.06624,32.935
7,134,0.07391,33.032
7,135,0.0698,33.137
7,136,0.07426,33.178
7,137,0.07218,33.01
7,138,0.08003,33.373
7,139,0.07139,33.557
7,140,0.06943,33.515
7,141,0.07057,33.342
7,142,0.07036,32.932
7,143,0.07475,33.43
7,144,0.06828,33.095
7,145,0.07881,33.514
7,146,0.07289,33.14
7,147,0.08273,33.193
7,148,0.17518,45.55144011763465
7,149,0.08116,33.445
7,150,0.0771,33.909
7,151,0.07451,33.646
7,152,0.07583,33.28
7,153,0.08845,33.579
7,154,0.07292,33.317
7,155,0.07826,33.455
7,156,0.07895,33.84
7,157,0.08225,33.256
7,158,0.08107,33.285
7,159,0.08014,33.242
7,160,0.09012,33.511
7,161,0.08501,33.469
7,162,0.07821,33.42
7,163,0.08503,33.646
7,164,0.07354,33.028
7,165,0.08846,33.427
7,166,0.08606,33.306
7,167,0.0888,33.805
7,168,0.08943,33.84
7,169,0.0934,33.488
7,170,0.08464,33.705
7,171,0.09297,33.579
7,172,0.08614,33.429
7,173,0.08338,33.242
7,174,0.08549,33.486
7,175,0.09226,33.784
7,176,0.08985,33.546
7,177,0.0931,33.417
7,178,0.09717,34.065
7,179,0.09157,33.602
7,180,0.09979,33.843
7,181,0.09793,33.807
7,182,0.10257,34.028
7,183,0.09931,33.97
7,184,0.09569,33.682
7,185,0.10179,33.938
7,186,0.09482,34.13
7,187,0.10426,33.976
7,188,0.10009,33.914
7,189,0.10411,33.558
7,190,0.11135,33.97
7,191,0.10376,33.964
7,192,0.11264,34.14
7,193,0.1119,34.222
7,194,0.10261,33.958
7,195,0.10691,33.811
7,196,0.10975,34.097
7,197,0.01149,21.14359406704782
7,198,0.10763,34.198
7,199,0.10871,33.449
7,200,0.11271,34.048
7,201,0.11473,34.605
7,202,0.12233,34.343
7,203,0.11195,34.259
7,204,0.11482,34.285
7,205,0.11472,34.255
7,206,0.11519,34.452
7,207,0.11717,34.392
7,208,0.11558,34.38
7,209,0.1179,34.328
7,210,0.12699,34.442
7,211,0.11994,34.422
7,212,0.12186,34.285
7,213,0.12748,34.765
7,214,0.12773,34.503
7,215,0.13179,34.6
7,216,0.13262,34.825
7,217,0.13003,33.895
7,218,0.12934,34.776
7,219,0.13377,34.567
7,220,0.13989,34.753
7,221,0.12818,34.207
7,222,0.13957,34.752
7,223,0.14508,34.744
7,224,0.13941,34.585
7,225,0.13998,34.396
7,226,0.14194,34.809
7,227,0.14439,35.304
7,228,0.15373,34.935
7,229,0.13971,34.749
7,230,0.1509,34.849
7,231,0.14768,35.265
7,232,0.15145,35.166
7,233,0.25033,40.50014586217862
7,234,0.1543,34.963
7,235,0.16189,34.992
7,236,0.16011,35.158
7,237,0.16223,35.209
7,238,0.16573,35.168
7,239,0.1686,35.416
7,240,0.1604,35.372
7,241,0.16668,35.036
7,242,0.17059,35.667
7,243,0.1762,35.517
7,244,0.17349,35.542
7,245,0.18073,35.533
7,246,0.1748,35.394
7,247,0.17278,35.565
7,248,0.18692,35.795
7,249,0.17896,35.693
7,250,0.18684,35.802
7,251,0.19213,35.79
7,252,0.18742,35.905
7,253,0.19222,35.964
7,254,0.18765,36.319
7,255,0.19397,36.016
7,256,0.19955,35.993
7,257,0.19952,35.984
7,258,0.20319,36.147
7,259,0.20487,36.031
7,260,0.20278,35.92
7,261,0.20558,35.742
7,262,0.20956,36.239
7,263,0.21379,36.451
7,264,0.22065,37.115
7,265,0.22264,36.551
7,266,0.21862,36.724
7,267,0.2164,36.437
7,268,0.22475,36.806
7,269,0.23077,36.676
7,270,0.2293,36.881
7,271,0.23045,37.059
7,272,0.2388,37.041
7,273,0.24069,36.956
7,274,0.23942,36.936
7,275,0.24677,37.227
7,276,0.24596,37.318
7,277,0.24987,37.118
7,278,0.25455,37.159
7,279,0.24978,37.253
7,280,0.25695,37.365
7,281,0.2588,37.7
7,282,0.26315,37.47
7,283,0.27049,37.447
7,284,0.2664,37.706
7,285,0.27369,37.614
7,286,0.2812,37.801
7,287,0.28104,37.781
7,288,0.28677,38.356
7,289,0.28156,37.995
7,290,0.29594,38.212
7,291,0.29154,38.282
7,292,0.30368,38.65
7,293,0.30479,38.516
7,294,0.30344,38.639
7,295,0.31404,38.478
7,296,0.31607,38.882
7,297,0.32201,38.87
7,298,0.31897,38.716
7,299,0.32235,38.883
7,300,0.42943,44.654935327433726
7,301,0.33809,39.442
7,302,0.34054,39.23
7,303,0.34176,39.295
7,304,0.34789,39.548
7,305,0.35146,39.492
7,306,0.35347,39.317
7,307,0.36544,40.307
7,308,0.36961,39.709
7,309,0.37254,40.231
7,310,0.37242,40.122
7,311,0.37692,40.431
7,312,0.38498,40.124
7,313,0.39104,40.656
7,314,0.39407,40.608
7,315,0.39798,40.374
7,316,0.4027,40.812
7,317,0.40792,40.985
7,318,0.41206,40.853
7,319,0.42222,41.193
7,320,0.42259,41.363
7,321,0.4269,41.109
7,322,0.42384,41.074
7,323,0.44596,41.27
7,324,0.44257,41.696
7,325,0.44313,41.518
7,326,0.46249,42.466
7,327,0.46498,41.929
7,328,0.46596,42.165
7,329,0.47699,42.757
7,330,0.4859,42.603
7,331,0.48691,43.212
7,332,0.49708,42.705
7,333,0.50009,42.731
7,334,0.49787,42.919
7,335,0.52122,43.058
7,336,0.521,43.237
7,337,0.52965,43.54
7,338,0.529,43.363
7,339,0.5381,44.034
7,340,0.55367,44.054
7,341,0.56059,44.238
7,342,0.56165,44.308
7,343,0.47148,31.143263421515936
7,344,0.57791,44.821
7,345,0.58593,44.854
7,346,0.59509,45.185
7,347,0.60067,45.083
7,348,0.6096,45.061
7,349,0.61603,45.03
7,350,0.61831,45.211
7,351,0.63747,46.012
7,352,0.63661,46.088
7,353,0.6541,46.486
7,354,0.65801,46.519
7,355,0.67111,46.675
7,356,0.67648,46.838
7,357,0.67889,47.128
7,358,0.70269,47.307
7,359,0.70755,47.423
7,360,0.71361,48.03
7,361,0.7205,47.881
7,362,0.72502,47.853
7,363,0.73437,48.283
7,364,0.75524,48.624
7,365,0.76311,48.781
7,366,0.77513,49.143
7,367,0.77457,49.293
7,368,0.79144,49.232
7,369,0.80188,49.341
7,370,0.80942,49.92
7,371,0.82627,50.333
7,372,0.83647,50.364
7,373,0.84749,50.664
7,374,0.85261,50.712
7,375,0.87425,51.673
7,376,0.88503,51.908
7,377,0.89467,52.165
7,378,0.91461,51.92
7,379,0.91952,52.395
7,380,0.92935,52.698
7,381,0.9438,52.779
7,382,0.9563,53.449
7,383,0.97009,53.645
7,384,0.98138,53.865
7,385,0.99097,53.891
7,386,1.0089,54.141
8,0,0.0643,35.213
8,1,0.06135,35.332
8,2,0.06864,35.568
8,3,0.06563,35.422
8,4,0.06635,35.461
8,5,0.06074,35.315
8,6,0.06068,35.321
8,7,0.06317,35.864
8,8,0.06505,35.113
8,9,0.06479,35.493
8,10,0.07214,35.422
8,11,0.05924,35.438
8,12,0.06017,35.207
8,13,0.06479,35.375
8,14,0.0687,35.333
8,15,0.06498,35.39
8,16,0.0668,35.45
8,17,0.06807,35.625
8,18,0.06803,35.546
8,19,0.06027,35.306
8,20,0.06865,35.614
8,21,0.16410000000000002,46.87060384728946
8,22,0.06471,35.495
8,23,0.07128,35.441
8,24,0.07091,35.54
8,25,0.06693,35.391
8,26,0.07056,35.573
8,27,0.07682,35.466
8,28,0.06993,35.389
8,29,0.06453,35.382
8,30,0.06871,36.053
8,31,0.06758,35.22
8,32,0.06956,35.072
8,33,0.06826,35.463
8,34,0.07196,35.731
8,35,0.06693,35.403
8,36,0.06604,35.189
8,37,0.0705,35.252
8,38,0.06777,35.251
8,39,0.07179,35.893
8,40,0.06456,35.014
8,41,0.06943,35.488
8,42,0.07098,35.427
8,43,0.06948,35.559
8,44,0.07462,35.2
8,45,0.06916,35.522
8,46,0.06714,35.784
8,47,0.06846,35.456
8,48,0.07341,35.448
8,49,0.06398,35.287
8,50,0.07567,35.545
8,51,0.06836,35.648
8,52,0.07062,35.407
8,53,0.07273,35.706
8,54,0.08186,35.905
8,55,0.07717,35.542
8,56,0.06863,35.48
8,57,0.07336,35.35
8,58,0.07244,35.626
8,59,0.07479,35.695
8,60,0.07473,35.492
8,61,0.07172,35.292
8,62,0.08113,35.728
8,63,0.07331,35.378
8,64,0.08617,35.614
8,65,0.07294,35.64
8,66,0.07728,35.837
8,67,0.08234,35.851
8,68,0.07111,35.468
8,69,0.0768,36.049
8,70,0.07021,35.741
8,71,0.07676,35.803
8,72,0.07588,35.448
8,73,0.07953,35.823
8,74,0.08066,35.713
8,75,0.07462,35.279
8,76,0.08055,35.798
8,77,0.07367,35.464
8,78,0.07592,35.321
8,79,0.07478,35.368
8,80,0.07666,35.485
8,81,0.07207,35.943
8,82,0.08386,35.625
8,83,0.08021,35.789
8,84,0.08416,35.623
8,85,0.08405,35.675
8,86,0.07462,35.736
8,87,0.08541,36.33
8,88,0.07574,35.754
8,89,0.07919,35.842
8,90,0.07524,35.351
8,91,0.07832,35.683
8,92,0.07916,35.816
8,93,0.08613,35.948
8,94,0.08881,35.966
8,95,0.07778,35.929
8,96,0.08054,35.895
8,97,0.08958,35.99
8,98,0.07762,35.469
8,99,0.08922,35.857
8,100,0.08458,35.948
8,101,0.08738,35.909
8,102,0.0841,35.723
8,103,0.08871,35.991
8,104,0.08459,36.012
8,105,0.08545,35.643
8,106,0.08329,35.573
8,107,0.08559,36.063
8,108,0.08382,35.818
8,109,0.08478,35.748
8,110,0.08174,35.693
8,111,0.08737,35.961
8,112,0.08942,35.656
8,113,0.09325,36.016
8,114,0.0,23.857528398772303
8,115,0.08761,35.902
8,116,0.09198,35.599
8,117,0.08832,35.822
8,118,0.09191,36.185
8,119,0.08821,35.771
8,120,0.08966,35.74
8,121,0.0,21.854644114654434
8,122,0.08833,35.958
8,123,0.08617,35.716
8,124,0.09209,36.285
8,125,0.09274,35.523
8,126,0.08629,35.838
8,127,0.09719,36.13
8,128,0.09585,36.26
8,129,0.09348,36.158
8,130,0.08957,35.717
8,131,0.08934,35.839
8,132,0.09686,36.071
8,133,0.09777,35.881
8,134,0.09724,35.757
8,135,0.10395,36.133
8,136,0.09703,36.369
8,137,0.09452,35.775
8,138,0.09561,36.009
8,139,0.10223,36.306
8,140,0.11131,35.895
8,141,0.10398,36.083
8,142,0.09973,35.983
8,143,0.09897,36.428
8,144,0.10652,36.251
8,145,0.1091,35.997
8,146,0.09893,35.655
8,147,0.10201,36.186
8,148,0.10578,36.261
8,149,0.1003,36.28
8,150,0.10748,36.413
8,151,0.09954,36.165
8,152,0.10295,36.094
8,153,0.11044,36.345
8,154,0.1055,36.227
8,155,0.10339,36.412
8,156,0.10931,36.528
8,157,0.10865,36.186
8,158,0.10834,36.459
8,159,0.10919,36.431
8,160,0.11115,35.947
8,161,0.11105,36.104
8,162,0.11413,36.165
8,163,0.11837,36.472
8,164,0.11463,36.545
8,165,0.11988,36.517
8,166,0.11363,36.038
8,167,0.11467,36.291
8,168,0.11855,36.425
8,169,0.12159,36.434
8,170,0.11934,36.747
8,171,0.12167,36.546
8,172,0.11863,36.369
8,173,0.11838,36.382
8,174,0.12557,36.594
8,175,0.11791,36.834
8,176,0.12536,36.353
8,177,0.1231,36.61
8,178,0.13248,36.559
8,179,0.13036,37.017
8,180,0.12476,36.566
8,181,0.12394,36.564
8,182,0.12877,36.836
8,183,0.13412,36.664
8,184,0.12273,36.576
8,185,0.13263,36.833
8,186,0.13102,36.775
8,187,0.13926,36.996
8,188,0.13259,36.683
8,189,0.1343,37.145
8,190,0.13516,36.831
8,191,0.13488,37.049
8,192,0.14557,37.139
8,193,0.139,36.922
8,194,0.13008,36.88
8,195,0.14111,37.043
8,196,0.1387,36.831
8,197,0.14088,37.157
8,198,0.142,37.392
8,199,0.14624,36.808
8,200,0.14502,36.908
8,201,0.13778,37.209
8,202,0.1504,37.255
8,203,0.1493,36.85
8,204,0.14776,37.263
8,205,0.14657,36.563
8,206,0.15095,37.131
8,207,0.15349,37.358
8,208,0.15661,37.328
8,209,0.15996,37.041
8,210,0.15833,37.437
8,211,0.1525,36.891
8,212,0.15564,37.124
8,213,0.16281,37.281
8,214,0.15755,37.173
8,215,0.16665,37.485
8,216,0.16268,37.379
8,217,0.16979,37.397
8,218,0.17112,37.617
8,219,0.16647,37.979
8,220,0.16416,37.361
8,221,0.16473,37.634
8,222,0.17772,38.044
8,223,0.17717,37.659
8,224,0.17214,37.261
8,225,0.18308,37.914
8,226,0.17433,37.906
8,227,0.17378,37.71
8,228,0.17837,37.851
8,229,0.18021,37.471
8,230,0.18218,38.012
8,231,0.1832,37.978
8,232,0.18058,37.764
8,233,0.18374,37.983
8,234,0.18784,38.056
8,235,0.19357,38.174
8,236,0.19183,37.8
8,237,0.19226,37.902
8,238,0.19245,37.938
8,239,0.19147,37.601
8,240,0.19431,38.09
8,241,0.19319,38.031
8,242,0.20781,38.533
8,243,0.20842,38.419
8,244,0.20818,38.191
8,245,0.20261,37.674
8,246,0.21163,38.715
8,247,0.20639,38.249
8,248,0.20733,38.395
8,249,0.2166,38.161
8,250,0.21551,38.432
8,251,0.21612,38.591
8,252,0.21673,38.491
8,253,0.21847,38.742
8,254,0.22285,38.682
8,255,0.21797,38.462
8,256,0.22855,38.762
8,257,0.22952,39.128
8,258,0.23297,38.864
8,259,0.22874,38.248
8,260,0.2321,38.763
8,261,0.23634,38.884
8,262,0.23553,38.542
8,263,0.23511,38.985
8,264,0.24781,39.131
8,265,0.24436,39.27
8,266,0.24193,39.103
8,267,0.24436,39.253
8,268,0.2501,39.257
8,269,0.24856,39.308
8,270,0.26225,39.246
8,271,0.2548,39.341
8,272,0.26158,39.322
8,273,0.2494,39.455
8,274,0.2661,39.178
8,275,0.26298,39.776
8,276,0.27357,39.868
8,277,0.26948,39.613
8,278,0.27209,39.875
8,279,0.27157,39.478
8,280,0.2816,39.836
8,281,0.28559,39.793
8,282,0.2824,39.677
8,283,0.28522,39.624
8,284,0.28584,39.645
8,285,0.2932,40.227
8,286,0.28616,40.206
8,287,0.30576,40.351
8,288,0.29592,40.704
8,289,0.29596,40.144
8,290,0.30474,40.59
8,291,0.30827,40.294
8,292,0.30587,40.276
8,293,0.30853,40.408
8,294,0.31321,40.196
8,295,0.32342,40.605
8,296,0.31631,40.525
8,297,0.32466,40.381
8,298,0.32876,40.605
8,299,0.33735,41.096
8,300,0.33202,40.732
8,301,0.33634,41.093
8,302,0.33984,40.999
8,303,0.3434,40.995
8,304,0.34505,40.732
8,305,0.3536,41.385
8,306,0.34994,41.63
8,307,0.35675,41.183
8,308,0.36323,41.603
8,309,0.36483,41.471
8,310,0.36853,41.58
8,311,0.37247,41.332
8,312,0.37207,42.049
8,313,0.37434,41.631
8,314,0.37926,41.609
8,315,0.3759,41.737
8,316,0.389,42.042
8,317,0.39164,42.116
8,318,0.40012,42.243
8,319,0.39758,42.173
8,320,0.40609,42.686
8,321,0.4052,42.405
8,322,0.41304,42.348
8,323,0.4158,42.31
8,324,0.41271,42.613
8,325,0.42237,42.779
8,326,0.428,42.659
8,327,0.43211,42.692
8,328,0.44211,42.873
8,329,0.44007,42.894
8,330,0.44749,43.189
8,331,0.44754,43.427
8,332,0.45419,43.496
8,333,0.45465,43.121
8,334,0.46356,43.521
8,335,0.47024,43.707
8,336,0.47322,43.459
8,337,0.48466,43.986
8,338,0.48467,43.852
8,339,0.48793,43.825
8,340,0.49337,44.127
8,341,0.49661,44.404
8,342,0.49655,44.126
8,343,0.50835,44.925
8,344,0.51106,44.68
8,345,0.51634,45.058
8,346,0.51499,44.661
8,347,0.52075,44.259
8,348,0.53377,45.056
8,349,0.53684,45.07
8,350,0.55582,45.43
8,351,0.55098,45.252
8,352,0.5557,45.431
8,353,0.55851,45.901
8,354,0.57056,45.812
8,355,0.5624,45.545
8,356,0.58826,46.102
8,357,0.58776,46.426
8,358,0.59019,46.019
8,359,0.5856,46.23
8,360,0.59818,46.387
8,361,0.60261,46.39
8,362,0.61398,46.731
8,363,0.7156899999999999,53.39534260163185
8,364,0.62414,46.551
8,365,0.63255,47.065
8,366,0.64015,47.487
8,367,0.64516,47.294
8,368,0.64836,47.548
8,369,0.66026,47.544
8,370,0.65872,47.885
8,371,0.66833,47.676
8,372,0.68165,47.828
8,373,0.6813,47.636
8,374,0.6973,48.28
8,375,0.71334,48.52
8,376,0.70524,48.439
8,377,0.71728,48.706
8,378,0.72622,48.788
8,379,0.72579,48.615
8,380,0.73005,48.959
8,381,0.74546,49.253
8,382,0.75945,49.912
8,383,0.76103,49.34
8,384,0.76808,49.724
8,385,0.77579,49.863
8,386,0.78397,50.093
8,387,0.7923,50.384
8,388,0.80463,50.413
8,389,0.81672,50.648
8,390,0.8137,50.858
8,391,0.82554,51.089
8,392,0.82792,51.353
8,393,0.84906,51.208
8,394,0.84938,51.85
8,395,0.86138,51.595
8,396,0.8644,51.754
8,397,0.88179,52.324
8,398,0.88644,51.973
8,399,0.90329,52.825
8,400,0.90475,52.87
8,401,0.92085,53.202
8,402,0.93018,52.672
8,403,0.93974,53.584
8,404,0.94676,53.439
8,405,0.95973,53.203
8,406,0.97734,53.965
8,407,0.98301,54.244
8,408,0.99646,54.619
8,409,1.00106,54.454
9,0,0.04684,31.283
9,1,0.04892,31.507
9,2,0.05507,31.566
9,3,0.0,24.052165817566287
9,4,0.0498,31.623
9,5,0.04105,31.293
9,6,0.04407,31.192
9,7,0.0,25.13620575624666
9,8,0.04523,31.298
9,9,0.04595,31.922
9,10,0.04936,31.247
9,11,0.05369,31.776
9,12,0.05573,31.964
9,13,0.05155,31.39
9,14,0.04808,31.33
9,15,0.04744,31.623
9,16,0.04923,31.606
9,17,0.0521,31.252
9,18,0.04271,31.029
9,19,0.04805,31.414
9,20,0.04734,31.514
9,21,0.04801,31.438
9,22,0.05078,31.791
9,23,0.04661,31.799
9,24,0.04833,31.125
9,25,0.05004,32.077
9,26,0.05469,31.646
9,27,0.0545,31.367
9,28,0.05283,31.487
9,29,0.05898,31.592
9,30,0.05045,31.204
9,31,0.05275,31.544
9,32,0.04761,31.469
9,33,0.05358,31.705
9,34,0.05774,31.607
9,35,0.04898,31.241
9,36,0.06042,31.677
9,37,0.06061,31.748
9,38,0.05689,31.759
9,39,0.04924,31.474
9,40,0.04945,31.36
9,41,0.05723,31.373
9,42,0.05718,31.277
9,43,0.0598,31.498
9,44,0.0514,31.17
9,45,0.05348,31.119
9,46,0.0539,31.729
9,47,0.05564,31.309
9,48,0.0576,31.613
9,49,0.06484,31.894
9,50,0.05855,31.786
9,51,0.05711,31.56
9,52,0.06462,31.404
9,53,0.06219,31.658
9,54,0.05749,31.473
9,55,0.05962,31.619
9,56,0.0577,31.447
9,57,0.0521,31.327
9,58,0.05804,31.625
9,59,0.06832,31.684
9,60,0.05675,31.425
9,61,0.06185,31.791
9,62,0.06454,31.895
9,63,0.06591,31.702
9,64,0.07065,31.785
9,65,0.0633,31.963
9,66,0.06555,31.302
9,67,0.06374,31.885
9,68,0.05879,31.76
9,69,0.06617,32.0
9,70,0.0623,31.882
9,71,0.06617,32.116
9,72,0.07715,32.298
9,73,0.06841,32.274
9,74,0.0694,31.648
9,75,0.06733,31.94
9,76,0.0713,31.644
9,77,0.06415,31.653
9,78,0.07119,32.0
9,79,0.07016,31.679
9,80,0.07709,31.775
9,81,0.07591,32.113
9,82,0.07639,31.886
9,83,0.07128,31.88
9,84,0.07054,31.899
9,85,0.07936,31.777
9,86,0.07103,31.711
9,87,0.07391,31.896
9,88,0.07801,32.015
9,89,0.07678,32.063
9,90,0.07722,32.133
9,91,0.07642,32.305
9,92,0.08776,32.352
9,93,0.0792,32.158
9,94,0.0746,31.974
9,95,0.0768,32.085
9,96,0.07756,31.93
9,97,0.07373,31.685
9,98,0.0834,31.946
9,99,0.08702,32.004
9,100,0.08537,32.009
9,101,0.0859,31.865
9,102,0.08337,31.95
9,103,0.08956,32.34
9,104,0.08195,32.049
9,105,0.08466,32.336
9,106,0.09372,32.046
9,107,0.09284,32.151
9,108,0.08945,32.252
9,109,0.09866,32.236
9,110,0.09569,32.141
9,111,0.08836,32.229
9,112,0.09439,31.782
9,113,0.09995,32.035
9,114,0.09576,32.642
9,115,0.10622,32.521
9,116,0.09272,32.571
9,117,0.10299,32.429
9,118,0.09818,32.283
9,119,0.10038,32.535
9,120,0.10064,32.39
9,121,0.10664,32.305
9,122,0.10376,32.207
9,123,0.10691,32.22
9,124,0.11127,32.435
9,125,0.10187,32.43
9,126,0.11708,32.961
9,127,0.10385,32.275
9,128,0.11129,33.146
9,129,0.11046,32.495
9,130,0.12171,32.953
9,131,0.12121,32.758
9,132,0.11802,33.101
9,133,0.1193,33.089
9,134,0.12291,32.731
9,135,0.1228,33.133
9,136,0.12708,33.017
9,137,0.1184,32.486
9,138,0.12123,32.802
9,139,0.12767,32.743
9,140,0.13493,32.935
9,141,0.12704,33.042
9,142,0.13813,33.665
9,143,0.13831,33.574
9,144,0.13291,33.578
9,145,0.13212,33.029
9,146,0.14366,33.048
9,147,0.13959,33.068
9,148,0.14397,33.66
9,149,0.14722,33.35
9,150,0.1376,33.337
9,151,0.15432,33.25
9,152,0.15296,33.6
9,153,0.15918,33.546
9,154,0.15396,33.491
9,155,0.16477,34.015
9,156,0.16176,33.948
9,157,0.15463,33.755
9,158,0.16193,34.101
9,159,0.16449,33.63
9,160,0.17338,34.117
9,161,0.17178,34.026
9,162,0.17802,34.16
9,163,0.17694,34.16
9,164,0.18675,34.017
9,165,0.18037,34.136
9,166,0.18217,33.807
9,167,0.19348,33.956
9,168,0.19026,34.487
9,169,0.19575,34.371
9,170,0.19316,34.464
9,171,0.19651,34.518
9,172,0.204,34.65
9,173,0.2039,35.025
9,174,0.21098,34.709
9,175,0.21374,34.667
9,176,0.21434,35.312
9,177,0.21607,34.854
9,178,0.22063,34.757
9,179,0.22752,35.114
9,180,0.23292,35.381
9,181,0.23638,35.107
9,182,0.23891,35.476
9,183,0.2359,35.217
9,184,0.23786,35.456
9,185,0.25012,35.862
9,186,0.25039,35.671
9,187,0.25916,35.612
9,188,0.25557,35.544
9,189,0.26186,35.645
9,190,0.26467,36.053
9,191,0.27121,36.074
9,192,0.27369,35.941
9,193,0.2814,36.249
9,194,0.28782,36.617
9,195,0.28647,36.501
9,196,0.28953,36.807
9,197,0.2954,36.652
9,198,0.29898,36.558
9,199,0.31439,36.744
9,200,0.32199,37.064
9,201,0.32213,37.149
9,202,0.32521,36.847
9,203,0.32674,37.403
9,204,0.33259,37.313
9,205,0.33322,37.19
9,206,0.34945,37.378
9,207,0.35347,37.753
9,208,0.35541,37.702
9,209,0.36024,37.778
9,210,0.37189,38.013
9,211,0.28147,23.546333503446206
9,212,0.37813,38.423
9,213,0.38923,38.128
9,214,0.38901,38.431
9,215,0.39335,38.962
9,216,0.40963,38.879
9,217,0.41176,38.806
9,218,0.41218,38.588
9,219,0.43467,39.715
9,220,0.43193,39.525
9,221,0.44355,39.71
9,222,0.44326,39.217
9,223,0.46126,39.556
9,224,0.46365,39.928
9,225,0.47025,40.201
9,226,0.47738,40.365
9,227,0.4888,40.942
9,228,0.49099,40.574
9,229,0.5067,40.842
9,230,0.50824,41.177
9,231,0.5237,40.992
9,232,0.53303,41.779
9,233,0.54022,41.588
9,234,0.5559,41.719
9,235,0.56597,42.316
9,236,0.56497,41.968
9,237,0.57635,41.97
9,238,0.58946,42.433
9,239,0.59976,42.564
9,240,0.6126,43.236
9,241,0.61661,43.243
9,242,0.63049,43.756
9,243,0.63695,43.563
9,244,0.64964,43.865
9,245,0.66567,44.058
9,246,0.67362,44.546
9,247,0.69226,44.838
9,248,0.69825,44.817
9,249,0.71318,45.218
9,250,0.71681,45.363
9,251,0.73261,45.292
9,252,0.74226,45.732
9,253,0.75799,45.636
9,254,0.77399,46.335
9,255,0.78843,46.607
9,256,0.81021,47.287
9,257,0.81501,47.271
9,258,0.83705,47.931
9,259,0.84045,47.616
9,260,0.85782,48.083
9,261,0.87376,48.508
9,262,0.89456,49.113
9,263,0.90607,48.844
9,264,0.91926,49.34
9,265,0.93479,49.994
9,266,0.95171,50.24
9,267,0.96666,50.558
9,268,0.9901,51.215
9,269,1.00372,51.082
10,0,0.03293,31.705
10,1,0.03313,31.722
10,2,0.03355,31.32
10,3,0.02576,31.704
10,4,0.03728,31.717
10,5,0.03221,31.818
10,6,0.03601,31.459
10,7,0.02975,31.625
10,8,0.03616,32.368
10,9,0.03249,31.486
10,10,0.03507,32.102
10,11,0.03395,31.626
10,12,0.03741,32.035
10,13,0.02953,31.762
10,14,0.03768,32.147
10,15,0.03348,31.723
10,16,0.03872,31.697
10,17,0.03562,31.579
10,18,0.03819,31.873
10,19,0.03906,32.047
10,20,0.02916,31.96
10,21,0.04032,32.16
10,22,0.03113,31.668
10,23,0.03482,31.691
10,24,0.04107,32.033
10,25,0.02355,31.588
10,26,0.03304,31.767
10,27,0.03303,31.943
10,28,0.0,24.405290338683137
10,29,0.03328,31.78
10,30,0.03478,31.67
10,31,0.03709,31.986
10,32,0.041,32.253
10,33,0.03217,31.922
10,34,0.03118,31.87
10,35,0.03299,31.576
10,36,0.03624,31.336
10,37,0.02819,31.613
10,38,0.0356,31.779
10,39,0.02903,31.508
10,40,0.0,23.125133122921085
10,41,0.03543,32.08
10,42,0.03716,31.747
10,43,0.03453,31.543
10,44,0.0353,32.067
10,45,0.03855,32.215
10,46,0.03468,32.097
10,47,0.03519,32.136
10,48,0.03596,32.004
10,49,0.04203,31.992
10,50,0.03709,32.152
10,51,0.03577,31.593
10,52,0.04495,32.017
10,53,0.0371,32.126
10,54,0.03412,31.61
10,55,0.03766,31.551
10,56,0.03558,31.901
10,57,0.03574,31.548
10,58,0.04328,32.086
10,59,0.04272,31.998
10,60,0.03357,31.851
10,61,0.03632,31.637
10,62,0.04316,31.937
10,63,0.03001,31.964
10,64,0.03545,31.727
10,65,0.1305,45.311904667013074
10,66,0.0325,31.779
10,67,0.04141,32.098
10,68,0.03762,31.568
10,69,0.03472,31.866
10,70,0.03491,31.874
10,71,0.04089,32.191
10,72,0.03336,32.23
10,73,0.04144,32.014
10,74,0.04283,32.526
10,75,0.03282,31.731
10,76,0.02917,31.714
10,77,0.04026,31.974
10,78,0.03628,31.462
10,79,0.04051,32.279
10,80,0.03676,31.973
10,81,0.03297,31.872
10,82,0.03778,31.761
10,83,0.03643,31.797
10,84,0.04111,31.743
10,85,0.03811,31.914
10,86,0.03542,32.207
10,87,0.03652,31.745
10,88,0.03615,32.228
10,89,0.04239,31.853
10,90,0.04473,32.145
10,91,0.04146,31.946
10,92,0.03756,31.974
10,93,0.0385,32.296
10,94,0.03573,32.164
10,95,0.04049,32.048
10,96,0.0444,31.97
10,97,0.04466,31.561
10,98,0.03845,31.747
10,99,0.03646,31.833
10,100,0.04315,32.202
10,101,0.04271,31.916
10,102,0.04336,32.092
10,103,0.04577,32.289
10,104,0.04228,31.858
10,105,0.03969,31.856
10,106,0.04119,32.061
10,107,0.04546,32.115
10,108,0.04281,32.081
10,109,0.04083,31.812
10,110,0.03602,31.725
10,111,0.04509,31.974
10,112,0.0424,32.134
10,113,0.04558,31.913
10,114,0.04765,32.411
10,115,0.0393,31.79
10,116,0.04874,32.186
10,117,0.03526,31.563
10,118,0.0433,31.833
10,119,0.04281,32.058
10,120,0.05048,32.205
10,121,0.04909,32.511
10,122,0.0507,32.327
10,123,0.03728,31.991
10,124,0.0495,32.22
10,125,0.05246,32.49
10,126,0.04793,32.411
10,127,0.04717,31.674
10,128,0.04402,32.325
10,129,0.04297,32.012
10,130,0.0422,32.392
10,131,0.05329,32.164
10,132,0.04734,32.041
10,133,0.0494,32.336
10,134,0.05038,32.327
10,135,0.05906,32.295
10,136,0.04067,31.914
10,137,0.04144,31.716
10,138,0.0439,31.898
10,139,0.04429,32.196
10,140,0.04629,32.112
10,141,0.05209,32.155
10,142,0.04766,32.259
10,143,0.04116,31.529
10,144,0.05052,32.363
10,145,0.05761,32.492
10,146,0.05285,32.29
10,147,0.05097,32.611
10,148,0.04151,32.099
10,149,0.05876,32.549
10,150,0.05705,32.319
10,151,0.05054,32.272
10,152,0.04203,31.797
10,153,0.04674,32.325
10,154,0.05485,32.449
10,155,0.05489,32.353
10,156,0.05664,32.435
10,157,0.0523,32.261
10,158,0.05505,32.306
10,159,0.05646,32.202
10,160,0.04841,32.344
10,161,0.0527,32.234
10,162,0.05686,32.318
10,163,0.05275,32.606
10,164,0.05997,32.84
10,165,0.05294,32.578
10,166,0.05053,32.084
10,167,0.04519,32.452
10,168,0.0514,32.264
10,169,0.05149,32.431
10,170,0.0539,32.097
10,171,0.05744,32.169
10,172,0.0526,31.901
10,173,0.05054,32.301
10,174,0.04866,31.917
10,175,0.05679,32.329
10,176,0.06506,33.033
10,177,0.05391,32.47
10,178,0.16067,38.646485012431455
10,179,0.05199,32.303
10,180,0.05758,32.373
10,181,0.06034,32.386
10,182,0.05427,32.39
10,183,0.06073,32.311
10,184,0.06322,32.261
10,185,0.05751,32.406
10,186,0.05759,32.347
10,187,0.06794,32.576
10,188,0.07055,32.905
10,189,0.06148,32.663
10,190,0.07156,32.647
10,191,0.0573,32.301
10,192,0.06224,32.243
10,193,0.06255,32.935
10,194,0.06341,32.562
10,195,0.06068,32.725
10,196,0.0602,32.901
10,197,0.07159,32.898
10,198,0.06417,32.848
10,199,0.06895,32.613
10,200,0.06284,32.34
10,201,0.06695,32.852
10,202,0.06028,32.443
10,203,0.06067,32.365
10,204,0.06864,32.618
10,205,0.06562,32.356
10,206,0.06796,32.737
10,207,0.06469,32.618
10,208,0.06872,32.604
10,209,0.0625,32.957
10,210,0.06627,32.68
10,211,0.07326,33.598
10,212,0.06465,32.745
10,213,0.06721,32.618
10,214,0.06758,32.511
10,215,0.07072,32.528
10,216,0.0751,32.954
10,217,0.07343,32.804
10,218,0.07071,32.88
10,219,0.06797,32.675
10,220,0.06963,32.614
10,221,0.06508,32.935
10,222,0.07123,33.069
10,223,0.07871,32.786
10,224,0.07054,33.33
10,225,0.08237,33.138
10,226,0.07687,32.866
10,227,0.07804,32.881
10,228,0.06867,32.502
10,229,0.07737,32.78
10,230,0.07751,32.795
10,231,0.07514,33.115
10,232,0.07977,33.07
10,233,0.0828,33.252
10,234,0.08558,33.141
10,235,0.07859,32.78
10,236,0.07912,33.247
10,237,0.08656,33.452
10,238,0.07472,33.149
10,239,0.07508,33.122
10,240,0.0815,33.261
10,241,0.07819,33.263
10,242,0.07822,32.896
10,243,0.08064,32.746
10,244,0.08558,33.594
10,245,0.09644,33.552
10,246,0.09082,33.424
10,247,0.08893,33.257
10,248,0.0883,33.415
10,249,0.0858,33.223
10,250,0.08848,33.478
10,251,0.08505,33.208
10,252,0.09758,33.797
10,253,0.09594,33.524
10,254,0.09246,33.623
10,255,0.09804,33.186
10,256,0.08718,33.539
10,257,0.09197,33.275
10,258,0.08871,33.208
10,259,0.08878,33.739
10,260,0.09496,33.48
10,261,0.09807,33.77
10,262,0.10018,33.85
10,263,0.09455,33.421
10,264,0.10084,33.548
10,265,0.09844,33.667
10,266,0.1023,33.339
10,267,0.10273,33.659
10,268,0.10342,33.881
10,269,0.10774,34.115
10,270,0.10743,34.125
10,271,0.10394,33.746
10,272,0.10702,33.971
10,273,0.10304,33.796
10,274,0.1049,33.595
10,275,0.11097,33.945
10,276,0.11478,33.714
10,277,0.10514,33.779
10,278,0.11271,34.061
10,279,0.1102,33.687
10,280,0.10513,33.837
10,281,0.10512,33.666
10,282,0.1134,33.804
10,283,0.11865,34.391
10,284,0.10678,33.632
10,285,0.10477,33.606
10,286,0.11784,34.041
10,287,0.11748,33.809
10,288,0.1197,34.064
10,289,0.11744,34.094
10,290,0.1132,33.765
10,291,0.12306,34.347
10,292,0.024289999999999992,26.71386394203097
10,293,0.12158,33.881
10,294,0.12086,34.201
10,295,0.13069,34.615
10,296,0.12996,34.578
10,297,0.12193,34.26
10,298,0.12668,34.18
10,299,0.12517,34.285
10,300,0.13412,34.157
10,301,0.13351,34.369
10,302,0.1242,34.535
10,303,0.13363,34.81
10,304,0.23493,40.610161626554444
10,305,0.13499,34.566
10,306,0.13518,34.851
10,307,0.13174,34.377
10,308,0.13469,34.167
10,309,0.13755,34.29
10,310,0.13829,34.861
10,311,0.13727,34.995
10,312,0.13444,34.82
10,313,0.1441,34.505
10,314,0.15338,35.092
10,315,0.14016,34.458
10,316,0.14395,34.819
10,317,0.1464,34.852
10,318,0.1497,34.925
10,319,0.14061,34.722
10,320,0.14008,34.808
10,321,0.14684,34.957
10,322,0.15724,35.021
10,323,0.15746,35.131
10,324,0.16148,35.255
10,325,0.15236,35.214
10,326,0.15525,34.988
10,327,0.15637,35.178
10,328,0.16495,35.037
10,329,0.16098,35.439
10,330,0.16298,35.632
10,331,0.16325,35.34
10,332,0.16727,35.508
10,333,0.1647,35.52
10,334,0.16503,35.304
10,335,0.16691,35.749
10,336,0.15755,35.299
10,337,0.17199,35.282
10,338,0.17452,35.783
10,339,0.17709,35.229
10,340,0.18165,35.738
10,341,0.18041,35.999
10,342,0.17565,35.851
10,343,0.17912,35.401
10,344,0.18685,35.873
10,345,0.18029,35.767
10,346,0.18635,36.003
10,347,0.18902,35.821
10,348,0.18544,35.966
10,349,0.1976,36.302
10,350,0.19596,36.288
10,351,0.19131,36.102
10,352,0.19422,36.353
10,353,0.20205,36.52
10,354,0.20298,36.281
10,355,0.19827,36.199
10,356,0.20289,36.4
10,357,0.20628,36.379
10,358,0.20528,36.675
10,359,0.19861,36.778
10,360,0.20752,36.194
10,361,0.21108,36.704
10,362,0.21194,36.919
10,363,0.21709,36.923
10,364,0.21775,36.861
10,365,0.22492,36.784
10,366,0.22027,36.964
10,367,0.22487,36.909
10,368,0.21657,36.88
10,369,0.22662,37.424
10,370,0.22238,37.24
10,371,0.23891,37.39
10,372,0.22628,37.036
10,373,0.23353,37.43
10,374,0.23315,37.618
10,375,0.23312,36.958
10,376,0.24409,37.154
10,377,0.24096,38.146
10,378,0.24385,37.378
10,379,0.24582,37.646
10,380,0.24886,37.873
10,381,0.24625,38.006
10,382,0.2536,38.017
10,383,0.25235,38.094
10,384,0.25609,37.996
10,385,0.25566,37.729
10,386,0.26445,38.082
10,387,0.26061,37.936
10,388,0.26917,38.175
10,389,0.26827,38.279
10,390,0.26347,37.85
10,391,0.2749,38.312
10,392,0.28023,38.8
10,393,0.28134,39.001
10,394,0.28063,38.747
10,395,0.18114,28.605764176070814
10,396,0.29395,38.988
10,397,0.29013,39.152
10,398,0.29059,38.761
10,399,0.29729,39.093
10,400,0.29717,38.907
10,401,0.29224,38.985
10,402,0.30543,39.257
10,403,0.31028,39.295
10,404,0.30307,39.224
10,405,0.30973,39.575
10,406,0.30977,39.696
10,407,0.32357,39.795
10,408,0.32356,39.592
10,409,0.32576,40.073
10,410,0.32783,39.917
10,411,0.31551,39.452
10,412,0.3278,39.724
10,413,0.3338,40.002
10,414,0.33305,39.853
10,415,0.33655,40.386
10,416,0.33987,40.15
10,417,0.34381,40.43
10,418,0.25061999999999995,26.96149012811925
10,419,0.35608,40.988
10,420,0.35101,40.366
10,421,0.35667,40.566
10,422,0.36265,40.493
10,423,0.3606,41.133
10,424,0.36471,41.188
10,425,0.37324,40.812
10,426,0.37778,41.276
10,427,0.37687,41.323
10,428,0.38407,41.615
10,429,0.39041,41.73
10,430,0.38375,41.37
10,431,0.40462,42.186
10,432,0.40596,42.357
10,433,0.40111,42.004
10,434,0.4037,41.668
10,435,0.40766,42.367
10,436,0.40896,42.243
10,437,0.41858,42.244
10,438,0.41722,42.185
10,439,0.41963,42.197
10,440,0.42324,42.839
10,441,0.42715,42.688
10,442,0.4328,43.054
10,443,0.44411,43.304
10,444,0.44417,43.086
10,445,0.44231,43.47
10,446,0.4482,43.377
10,447,0.45969,43.45
10,448,0.46386,43.829
10,449,0.47091,43.777
10,450,0.46319,43.557
10,451,0.47355,43.955
10,452,0.47556,43.617
10,453,0.48349,44.612
10,454,0.48797,44.464
10,455,0.49296,44.559
10,456,0.499,44.725
10,457,0.49867,44.478
10,458,0.50362,44.837
10,459,0.50809,44.96
10,460,0.5159,45.279
10,461,0.52411,45.355
10,462,0.51863,45.119
10,463,0.52897,45.106
10,464,0.53933,45.788
10,465,0.54033,46.06
10,466,0.54136,45.93
10,467,0.54857,45.978
10,468,0.5511,46.418
10,469,0.55792,46.413
10,470,0.55721,46.489
10,471,0.57426,46.743
10,472,0.57453,46.811
10,473,0.59004,46.807
10,474,0.58951,46.963
10,475,0.59185,47.16
10,476,0.59583,47.317
10,477,0.59867,47.604
10,478,0.60175,47.591
10,479,0.6134,47.57
10,480,0.62135,47.713
10,481,0.62659,47.884
10,482,0.63423,48.195
10,483,0.63659,48.503
10,484,0.64137,48.565
10,485,0.64454,48.79
10,486,0.66384,49.756
10,487,0.6634,49.343
10,488,0.66223,49.453
10,489,0.67883,49.514
10,490,0.68712,49.789
10,491,0.68684,49.927
10,492,0.69099,50.151
10,493,0.69766,49.921
10,494,0.70494,50.484
10,495,0.71288,50.281
10,496,0.71976,50.735
10,497,0.72436,50.638
10,498,0.7445,51.252
10,499,0.74181,51.276
10,500,0.74853,51.659
10,501,0.76119,51.823
10,502,0.7597,52.098
10,503,0.77159,52.518
10,504,0.77039,52.178
10,505,0.79451,52.734
10,506,0.79348,52.835
10,507,0.79977,52.887
10,508,0.70835,42.37048710904966
10,509,0.82239,53.667
10,510,0.82633,53.845
10,511,0.8322,53.69
10,512,0.83885,54.029
10,513,0.84511,54.102
10,514,0.85545,54.912
10,515,0.85467,54.429
10,516,0.881,55.217
10,517,0.88552,55.337
10,518,0.88834,54.946
10,519,0.90041,55.573
10,520,0.90505,55.757
10,521,0.82398,42.1391757556583
10,522,0.92671,56.361
10,523,0.93006,56.641
10,524,0.95092,57.073
10,525,0.94338,57.048
10,526,0.96603,57.223
10,527,0.97208,57.797
10,528,0.98047,57.78
10,529,0.9943,58.24
10,530,0.99386,57.898
10,531,1.01451,59.001
11,0,0.03169,32.064
11,1,0.03023,32.433
11,2,0.02977,32.707
11,3,0.03718,32.988
11,4,0.03217,32.722
11,5,0.0333,32.553
11,6,0.03027,31.988
11,7,0.03477,32.777
11,8,0.0262,32.343
11,9,0.03635,32.511
11,10,0.03723,32.576
11,11,0.03044,32.695
11,12,0.02889,32.263
11,13,0.02913,32.185
11,14,0.0334,32.411
11,15,0.03483,32.201
11,16,0.02847,32.409
11,17,0.03893,32.719
11,18,0.03078,32.155
11,19,0.03063,32.441
11,20,0.02388,32.048
11,21,0.03046,32.393
11,22,0.03328,32.389
11,23,0.03561,32.591
11,24,0.1322,42.56106679659499
11,25,0.03602,32.285
11,26,0.03374,32.7
11,27,0.0382,32.701
11,28,0.03313,32.592
11,29,0.03739,32.631
11,30,0.03518,32.506
11,31,0.02901,32.376
11,32,0.03175,32.341
11,33,0.0403,32.866
11,34,0.02789,32.168
11,35,0.03332,32.384
11,36,0.03615,32.33
11,37,0.03882,32.632
11,38,0.03373,32.519
11,39,0.03353,32.111
11,40,0.03536,32.496
11,41,0.0316,32.691
11,42,0.03821,33.115
11,43,0.03899,32.516
11,44,0.03214,32.385
11,45,0.03321,32.531
11,46,0.02984,32.56
11,47,0.03648,32.693
11,48,0.03165,32.522
11,49,0.04155,32.533
11,50,0.03292,32.645
11,51,0.03272,32.451
11,52,0.04262,32.556
11,53,0.04302,32.673
11,54,0.03249,32.613
11,55,0.03753,32.614
11,56,0.03415,32.552
11,57,0.02909,32.456
11,58,0.04268,32.379
11,59,0.036,32.4
11,60,0.03171,32.064
11,61,0.03317,32.46
11,62,0.04263,32.426
11,63,0.03935,32.698
11,64,0.045,32.901
11,65,0.04097,32.832
11,66,0.0349,32.435
11,67,0.04321,32.334
11,68,0.03616,32.313
11,69,0.03997,32.584
11,70,0.04169,32.687
11,71,0.03315,32.208
11,72,0.03946,32.502
11,73,0.0,23.5529881993436
11,74,0.04283,33.095
11,75,0.03869,32.51
11,76,0.04179,32.599
11,77,0.03816,32.585
11,78,0.04705,32.975
11,79,0.04383,33.081
11,80,0.04437,32.545
11,81,0.04448,32.977
11,82,0.04371,32.717
11,83,0.04346,32.746
11,84,0.03753,32.465
11,85,0.04443,32.592
11,86,0.03855,32.785
11,87,0.04251,32.843
11,88,0.03723,32.714
11,89,0.03969,32.458
11,90,0.04049,32.953
11,91,0.04124,33.138
11,92,0.03464,32.234
11,93,0.04837,33.181
11,94,0.03981,32.678
11,95,0.04631,32.771
11,96,0.04425,32.771
11,97,0.03792,32.551
11,98,0.0441,32.786
11,99,0.03733,32.757
11,100,0.04497,32.575
11,101,0.05185,32.878
11,102,0.04374,32.885
11,103,0.05261,33.101
11,104,0.04859,32.67
11,105,0.04585,32.7
11,106,0.04853,33.029
11,107,0.05247,32.53
11,108,0.04363,33.014
11,109,0.04077,32.848
11,110,0.05114,32.925
11,111,0.04114,32.671
11,112,0.05289,33.279
11,113,0.04812,32.664
11,114,0.05448,33.173
11,115,0.04411,32.834
11,116,0.04919,32.757
11,117,0.04963,33.116
11,118,0.0473,33.082
11,119,0.04171,33.153
11,120,0.04921,33.1
11,121,0.05011,32.742
11,122,0.04934,32.506
11,123,0.0525,33.001
11,124,0.04924,33.036
11,125,0.05041,33.035
11,126,0.05438,32.897
11,127,0.04745,32.499
11,128,0.05156,33.031
11,129,0.04604,33.095
11,130,0.04833,32.444
11,131,0.05787,32.694
11,132,0.05603,33.19
11,133,0.05374,32.887
11,134,0.05476,33.225
11,135,0.04909,33.078
11,136,0.05705,33.128
11,137,0.05148,33.125
11,138,0.05596,32.84
11,139,0.05276,33.132
11,140,0.05499,33.238
11,141,0.05348,32.785
11,142,0.06393,32.895
11,143,0.05347,33.041
11,144,0.05973,33.262
11,145,0.06536,33.241
11,146,0.05294,32.929
11,147,0.05548,33.019
11,148,0.05317,33.135
11,149,0.05891,32.86
11,150,0.06164,33.015
11,151,0.05338,33.001
11,152,0.05143,33.055
11,153,0.04745,32.638
11,154,0.06546,33.129
11,155,0.05747,33.334
11,156,0.0567,33.214
11,157,0.06494,33.35
11,158,0.05483,32.896
11,159,0.07183,33.318
11,160,0.0733,33.793
11,161,0.06381,33.287
11,162,0.06026,33.127
11,163,0.05975,33.12
11,164,0.05744,32.795
11,165,0.06849,33.015
11,166,0.06723,32.929
11,167,0.06661,33.252
11,168,0.06978,33.302
11,169,0.05687,33.027
11,170,0.06596,33.252
11,171,0.06804,33.215
11,172,0.06111,32.965
11,173,0.06453,33.14
11,174,0.07665,33.781
11,175,0.07021,33.468
11,176,0.06911,33.413
11,177,0.06901,33.358
11,178,0.06044,33.075
11,179,0.0683,33.184
11,180,0.0675,33.375
11,181,0.07326,33.51
11,182,0.07363,33.61
11,183,0.06993,33.477
11,184,0.06463,33.17
11,185,0.07009,33.682
11,186,0.07393,33.199
11,187,0.07546,33.683
11,188,0.07322,33.587
11,189,0.0641,32.695
11,190,0.06988,33.4
11,191,0.08124,33.412
11,192,0.07222,33.443
11,193,0.07419,33.362
11,194,0.075,33.754
11,195,0.08169,33.652
11,196,0.08438,33.813
11,197,0.08293,33.505
11,198,0.07625,33.387
11,199,0.07908,33.599
11,200,0.08129,34.033
11,201,0.08345,33.586
11,202,0.08113,33.936
11,203,0.08485,34.02
11,204,0.08038,33.475
11,205,0.08012,33.53
11,206,0.07925,33.65
11,207,0.08536,34.002
11,208,0.07769,33.365
11,209,0.08857,33.846
11,210,0.08615,34.005
11,211,0.08256,33.523
11,212,0.08386,33.296
11,213,0.08842,33.701
11,214,0.08561,33.557
11,215,0.08913,33.663
11,216,0.09075,33.952
11,217,0.08936,33.755
11,218,0.09196,33.883
11,219,0.09722,34.076
11,220,0.09698,34.129
11,221,0.08802,33.685
11,222,0.09381,34.106
11,223,0.10243,34.038
11,224,0.09566,34.136
11,225,0.09594,34.311
11,226,0.09152,34.014
11,227,0.10033,34.316
11,228,0.09866,34.224
11,229,0.09817,33.874
11,230,0.09615,33.699
11,231,0.09895,34.115
11,232,0.10066,34.133
11,233,0.10723,34.144
11,234,0.11245,34.521
11,235,0.10311,34.107
11,236,0.10068,34.089
11,237,0.09689,34.256
11,238,0.09511,33.971
11,239,0.10264,33.999
11,240,0.10578,34.599
11,241,0.10451,34.367
11,242,0.11444,33.949
11,243,0.10821,34.567
11,244,0.1063,34.465
11,245,0.11238,34.356
11,246,0.11364,34.466
11,247,0.11045,34.271
11,248,0.11668,34.505
11,249,0.11753,34.346
11,250,0.1196,34.563
11,251,0.1117,34.246
11,252,0.11541,34.258
11,253,0.11806,34.624
11,254,0.11844,34.556
11,255,0.12218,34.443
11,256,0.12156,34.757
11,257,0.12455,34.764
11,258,0.13006,34.871
11,259,0.11833,34.562
11,260,0.22458,48.498359982246406
11,261,0.1297,34.656
11,262,0.13144,34.834
11,263,0.12338,34.799
11,264,0.029719999999999996,24.61562483710475
11,265,0.13194,35.116
11,266,0.13525,35.1
11,267,0.1327,34.916
11,268,0.1289,34.731
11,269,0.13101,34.577
11,270,0.13454,35.021
11,271,0.23869,43.59792850436406
11,272,0.13976,35.227
11,273,0.14167,35.106
11,274,0.14058,35.26
11,275,0.14897,35.22
11,276,0.14297,34.763
11,277,0.14307,34.656
11,278,0.14416,35.186
11,279,0.14887,35.69
11,280,0.14887,35.135
11,281,0.1559,35.005
11,282,0.14703,35.315
11,283,0.1535,35.299
11,284,0.15187,35.343
11,285,0.15373,35.354
11,286,0.15369,35.302
11,287,0.26780000000000004,43.914836804412204
11,288,0.16057,35.459
11,289,0.1632,35.655
11,290,0.16495,35.659
11,291,0.16463,35.615
11,292,0.16595,35.264
11,293,0.17879,36.073
11,294,0.16583,35.669
11,295,0.16586,35.525
11,296,0.16683,35.637
11,297,0.16796,35.751
11,298,0.17855,35.757
11,299,0.17802,35.734
11,300,0.181,35.842
11,301,0.1837,35.681
11,302,0.17813,35.69
11,303,0.18458,36.175
11,304,0.18653,36.008
11,305,0.17588,35.867
11,306,0.19189,36.771
11,307,0.18873,36.028
11,308,0.19342,36.22
11,309,0.19896,36.24
11,310,0.19461,36.474
11,311,0.1986,36.625
11,312,0.1974,36.617
11,313,0.19429,35.967
11,314,0.20787,36.612
11,315,0.20827,36.64
11,316,0.20642,36.311
11,317,0.20821,36.891
11,318,0.21044,36.807
11,319,0.21474,36.569
11,320,0.21748,36.773
11,321,0.21496,37.197
11,322,0.22036,36.776
11,323,0.22022,36.908
11,324,0.22872,37.108
11,325,0.23284,36.937
11,326,0.22593,36.882
11,327,0.32616,44.52981355722039
11,328,0.22739,37.415
11,329,0.23804,37.399
11,330,0.23259,37.054
11,331,0.23962,37.416
11,332,0.23825,37.432
11,333,0.3446,50.87765931083529
11,334,0.24012,37.103
11,335,0.24652,37.951
11,336,0.24335,37.663
11,337,0.24739,37.444
11,338,0.25607,37.691
11,339,0.25575,37.781
11,340,0.25443,37.883
11,341,0.25927,37.54
11,342,0.25837,37.173
11,343,0.26459,38.203
11,344,0.26266,38.014
11,345,0.27107,37.944
11,346,0.27801,38.203
11,347,0.28245,38.035
11,348,0.27591,38.178
11,349,0.27942,38.434
11,350,0.2958,38.766
11,351,0.28496,38.201
11,352,0.27998,38.538
11,353,0.28806,39.014
11,354,0.29646,38.759
11,355,0.29732,38.792
11,356,0.29576,38.324
11,357,0.29916,38.75
11,358,0.30162,38.554
11,359,0.30409,39.077
11,360,0.31299,39.113
11,361,0.31528,38.906
11,362,0.31272,39.135
11,363,0.31488,39.145
11,364,0.31688,38.84
11,365,0.32794,39.635
11,366,0.32556,39.07
11,367,0.32238,39.667
11,368,0.33481,39.469
11,369,0.3361,39.239
11,370,0.34326,40.189
11,371,0.3409,40.211
11,372,0.34685,40.207
11,373,0.35187,40.053
11,374,0.36138,40.371
11,375,0.35889,39.768
11,376,0.35479,40.152
11,377,0.37015,40.446
11,378,0.36541,39.942
11,379,0.36817,40.401
11,380,0.37145,40.258
11,381,0.37828,40.901
11,382,0.38487,40.823
11,383,0.38656,40.916
11,384,0.38909,40.783
11,385,0.39624,40.988
11,386,0.39233,41.23
11,387,0.39344,41.271
11,388,0.40682,41.088
11,389,0.4088,41.242
11,390,0.41589,41.652
11,391,0.4185,41.705
11,392,0.42023,41.949
11,393,0.42966,41.723
11,394,0.43213,42.021
11,395,0.43201,41.806
11,396,0.44211,42.107
11,397,0.44254,42.401
11,398,0.45593,42.329
11,399,0.44925,42.293
11,400,0.4549,42.486
11,401,0.45698,42.206
11,402,0.47042,42.898
11,403,0.46625,42.765
11,404,0.47982,42.838
11,405,0.47795,42.674
11,406,0.48129,43.154
11,407,0.48201,43.01
11,408,0.49442,43.456
11,409,0.49139,43.342
11,410,0.50311,43.564
11,411,0.51014,43.59
11,412,0.51238,43.527
11,413,0.50934,43.845
11,414,0.52088,43.867
11,415,0.52164,44.143
11,416,0.52503,44.256
11,417,0.53808,44.072
11,418,0.54205,44.988
11,419,0.55162,44.516
11,420,0.55511,44.48
11,421,0.55219,44.682
11,422,0.56537,45.167
11,423,0.57201,45.259
11,424,0.56785,45.051
11,425,0.58384,45.527
11,426,0.58641,45.564
11,427,0.59271,45.253
11,428,0.60192,45.84
11,429,0.60602,45.498
11,430,0.61579,45.957
11,431,0.62533,46.836
11,432,0.61595,46.355
11,433,0.62332,46.237
11,434,0.63113,46.638
11,435,0.64116,46.544
11,436,0.64796,46.903
11,437,0.64531,46.795
11,438,0.6657,47.28
11,439,0.65825,47.348
11,440,0.66848,47.468
11,441,0.67817,48.005
11,442,0.68491,47.582
11,443,0.69052,47.697
11,444,0.79843,55.39490356905892
11,445,0.71121,48.837
11,446,0.71515,48.55
11,447,0.71633,48.603
11,448,0.72696,48.954
11,449,0.73023,48.886
11,450,0.73574,49.072
11,451,0.75212,49.065
11,452,0.75152,49.116
11,453,0.7637,49.382
11,454,0.77755,50.073
11,455,0.78212,49.776
11,456,0.79267,50.471
11,457,0.79262,50.032
11,458,0.80298,50.49
11,459,0.8096,50.598
11,460,0.82229,50.517
11,461,0.8333,51.495
11,462,0.83669,51.346
11,463,0.84853,51.645
11,464,0.85152,51.951
11,465,0.86954,51.952
11,466,0.87147,51.974
11,467,0.88048,52.248
11,468,0.89211,52.656
11,469,0.89633,53.102
11,470,0.90218,53.05
11,471,0.81165,40.193916313391476
11,472,0.93048,53.525
11,473,0.92381,53.283
11,474,0.95167,53.956
11,475,0.95846,54.113
11,476,0.9584,54.388
11,477,0.9732,54.751
11,478,0.98032,54.954
11,479,0.99398,55.298
11,480,0.99758,55.359
11,481,1.00803,55.367
12,0,0.04704,34.769
12,1,0.05116,34.802
12,2,0.04366,34.445
12,3,0.04918,35.126
12,4,0.0524,35.059
12,5,0.04997,35.206
12,6,0.04882,34.971
12,7,0.04628,34.516
12,8,0.04491,34.758
12,9,0.04797,35.209
12,10,0.04813,35.063
12,11,0.04614,34.724
12,12,0.04265,34.564
12,13,0.05016,34.872
12,14,0.05191,34.943
12,15,0.04681,35.229
12,16,0.04793,35.056
12,17,0.04679,34.941
12,18,0.05219,34.954
12,19,0.03915,34.643
12,20,0.05358,35.047
12,21,0.05054,34.533
12,22,0.04596,34.864
12,23,0.05058,35.122
12,24,0.04845,34.915
12,25,0.0492,34.652
12,26,0.0402,34.748
12,27,0.05002,34.744
12,28,0.04295,34.845
12,29,0.04846,34.946
12,30,0.05709,34.587
12,31,0.04693,34.761
12,32,0.05566,34.658
12,33,0.05769,35.055
12,34,0.04967,34.82
12,35,0.04841,35.043
12,36,0.046,34.852
12,37,0.04884,34.69
12,38,0.06084,35.178
12,39,0.05306,35.158
12,40,0.04504,35.113
12,41,0.0408,34.52
12,42,0.04912,34.965
12,43,0.05195,34.874
12,44,0.05115,34.695
12,45,0.04533,34.914
12,46,0.05422,35.272
12,47,0.04841,34.972
12,48,0.05057,35.117
12,49,0.05592,35.033
12,50,0.0506,35.072
12,51,0.05468,34.828
12,52,0.04691,34.744
12,53,0.05842,35.273
12,54,0.04805,34.592
12,55,0.05774,34.802
12,56,0.05481,34.844
12,57,0.05939,34.909
12,58,0.05764,35.064
12,59,0.05422,34.561
12,60,0.04454,34.708
12,61,0.05449,34.736
12,62,0.0493,34.964
12,63,0.15606,45.59738156860266
12,64,0.05708,34.78
12,65,0.0527,35.253
12,66,0.05455,34.987
12,67,0.06366,34.873
12,68,0.05779,35.363
12,69,0.05347,35.111
12,70,0.05101,34.75
12,71,0.05664,35.166
12,72,0.05976,35.385
12,73,0.05518,35.214
12,74,0.05425,35.136
12,75,0.05663,35.095
12,76,0.05767,34.707
12,77,0.05166,34.922
12,78,0.04959,35.024
12,79,0.06001,35.142
12,80,0.05223,35.19
12,81,0.06505,35.212
12,82,0.05914,35.099
12,83,0.05941,35.04
12,84,0.05735,35.202
12,85,0.06707,34.945
12,86,0.05748,34.787
12,87,0.06447,35.053
12,88,0.05253,35.047
12,89,0.06549,35.324
12,90,0.05955,35.149
12,91,0.0646,34.998
12,92,0.05871,34.959
12,93,0.05471,34.9
12,94,0.06403,35.274
12,95,0.06241,35.156
12,96,0.06215,34.961
12,97,0.05905,35.095
12,98,0.06163,35.175
12,99,0.06021,35.005
12,100,0.07363,35.544
12,101,0.0629,35.09
12,102,0.05968,35.044
12,103,0.06291,34.761
12,104,0.05571,34.859
12,105,0.06307,35.093
12,106,0.06842,34.956
12,107,0.05976,35.375
12,108,0.06355,35.328
12,109,0.0715,35.179
12,110,0.06317,35.088
12,111,0.05602,34.931
12,112,0.06764,35.345
12,113,0.06688,35.146
12,114,0.06206,35.373
12,115,0.06298,35.198
12,116,0.06592,35.493
12,117,0.06945,35.015
12,118,0.06111,35.215
12,119,0.06591,35.109
12,120,0.07053,35.335
12,121,0.06699,35.379
12,122,0.06559,35.507
12,123,0.06426,35.297
12,124,0.07347,35.083
12,125,0.06668,35.445
12,126,0.07302,35.315
12,127,0.06578,35.389
12,128,0.07379,35.133
12,129,0.06458,35.218
12,130,0.17226000000000002,49.294210941531546
12,131,0.07281,35.203
12,132,0.06199,35.033
12,133,0.07106,35.253
12,134,0.06654,34.85
12,135,0.06948,35.455
12,136,0.07694,35.669
12,137,0.06902,35.035
12,138,0.07466,35.511
12,139,0.07466,34.981
12,140,0.06998,35.28
12,141,0.07579,35.561
12,142,0.07482,35.453
12,143,0.07499,35.528
12,144,0.07631,35.432
12,145,0.0744,35.395
12,146,0.07783,35.504
12,147,0.07784,35.719
12,148,0.07781,35.32
12,149,0.08072,35.238
12,150,0.0733,35.422
12,151,0.08014,35.25
12,152,0.07699,35.312
12,153,0.07704,35.622
12,154,0.08227,35.54
12,155,0.07773,35.178
12,156,0.08607,35.742
12,157,0.07804,35.599
12,158,0.08108,35.461
12,159,0.08359,35.423
12,160,0.08097,35.54
12,161,0.08086,35.648
12,162,0.09084,35.572
12,163,0.07722,35.037
12,164,0.0838,35.443
12,165,0.08577,35.643
12,166,0.07906,35.113
12,167,0.0872,35.674
12,168,0.08486,35.266
12,169,0.089,35.939
12,170,0.08879,35.511
12,171,0.08843,35.399
12,172,0.09306,35.786
12,173,0.08234,35.485
12,174,0.09186,35.678
12,175,0.0895,35.45
12,176,0.09347,35.649
12,177,0.0832,35.489
12,178,0.09637,35.762
12,179,0.10002,36.001
12,180,0.09506,35.786
12,181,0.09408,35.738
12,182,0.09379,35.891
12,183,0.09192,35.531
12,184,0.09184,36.153
12,185,0.09913,35.958
12,186,0.09346,35.903
12,187,0.09792,35.914
12,188,0.09518,35.846
12,189,0.0981,35.722
12,190,0.10345,35.68
12,191,0.1035,36.125
12,192,0.09846,35.719
12,193,0.10183,36.01
12,194,0.10286,36.062
12,195,0.11129,36.05
12,196,0.09815,36.042
12,197,0.11253,36.256
12,198,0.10224,35.937
12,199,0.10292,36.105
12,200,0.1028,35.914
12,201,0.105,36.046
12,202,0.10839,36.126
12,203,0.11079,35.944
12,204,0.11406,36.2
12,205,0.10846,36.541
12,206,0.11519,36.203
12,207,0.11983,36.699
12,208,0.11448,36.288
12,209,0.11202,36.138
12,210,0.11609,36.29
12,211,0.11914,36.429
12,212,0.1197,36.086
12,213,0.11595,36.14
12,214,0.11954,36.535
12,215,0.11699,36.2
12,216,0.12644,36.41
12,217,0.12547,36.421
12,218,0.12566,36.408
12,219,0.12833,36.2
12,220,0.12524,36.504
12,221,0.12988,36.84
12,222,0.12724,36.782
12,223,0.12724,36.752
12,224,0.13423,36.45
12,225,0.23329,42.32359397439872
12,226,0.13568,36.619
12,227,0.13308,36.883
12,228,0.13505,36.816
12,229,0.1357,36.997
12,230,0.13506,36.528
12,231,0.14506,36.771
12,232,0.14656,37.07
12,233,0.14075,36.407
12,234,0.14252,36.827
12,235,0.14851,37.25
12,236,0.14236,36.964
12,237,0.14944,37.167
12,238,0.14966,36.568
12,239,0.14835,36.698
12,240,0.14948,37.149
12,241,0.15285,37.253
12,242,0.15435,36.795
12,243,0.14427,36.873
12,244,0.15488,36.871
12,245,0.15034,36.824
12,246,0.15779,37.26
12,247,0.16076,37.511
12,248,0.15732,37.293
12,249,0.16312,37.378
12,250,0.16268,37.444
12,251,0.16712,37.187
12,252,0.16742,37.281
12,253,0.17097,37.167
12,254,0.17047,37.472
12,255,0.1723,37.701
12,256,0.17687,37.526
12,257,0.17627,37.574
12,258,0.17866,37.199
12,259,0.1775,37.244
12,260,0.18551,37.696
12,261,0.18133,37.8
12,262,0.18552,37.483
12,263,0.1853,37.637
12,264,0.18037,37.462
12,265,0.18841,37.746
12,266,0.18503,37.928
12,267,0.19238,37.86
12,268,0.19625,37.776
12,269,0.19836,37.904
12,270,0.19485,38.019
12,271,0.20633,38.29
12,272,0.20601,38.034
12,273,0.1979,38.266
12,274,0.21451,38.625
12,275,0.20697,37.927
12,276,0.2061,37.803
12,277,0.21201,38.585
12,278,0.21397,38.366
12,279,0.22216,38.396
12,280,0.22695,38.976
12,281,0.22047,38.326
12,282,0.22598,38.487
12,283,0.2208,38.705
12,284,0.23255,38.726
12,285,0.22492,38.289
12,286,0.23271,38.598
12,287,0.23326,38.914
12,288,0.23993,39.125
12,289,0.23544,38.687
12,290,0.24486,39.043
12,291,0.25042,39.153
12,292,0.25417,39.256
12,293,0.25355,39.07
12,294,0.25191,39.283
12,295,0.26088,39.435
12,296,0.25671,39.477
12,297,0.25093,38.796
12,298,0.2651,39.38
12,299,0.26751,39.441
12,300,0.27011,39.319
12,301,0.27289,39.739
12,302,0.2783,40.057
12,303,0.27724,39.687
12,304,0.27306,39.438
12,305,0.28129,39.927
12,306,0.28257,39.903
12,307,0.288,39.822
12,308,0.29203,39.864
12,309,0.29238,39.608
12,310,0.2962,39.934
12,311,0.29827,40.156
12,312,0.30615,40.284
12,313,0.31071,40.449
12,314,0.3088,40.201
12,315,0.31453,40.529
12,316,0.3222,40.813
12,317,0.31782,40.462
12,318,0.32609,40.87
12,319,0.33062,40.738
12,320,0.32535,40.441
12,321,0.33501,40.912
12,322,0.33311,40.812
12,323,0.34366,40.794
12,324,0.34923,41.066
12,325,0.35357,41.126
12,326,0.3482,41.028
12,327,0.35574,41.2
12,328,0.25910999999999995,34.7720524100857
12,329,0.3632,41.421
12,330,0.36101,41.467
12,331,0.37149,41.93
12,332,0.37214,41.26
12,333,0.38248,41.908
12,334,0.38012,41.483
12,335,0.39451,42.374
12,336,0.38267,41.751
12,337,0.40358,42.186
12,338,0.39932,42.135
12,339,0.40122,41.891
12,340,0.41438,42.139
12,341,0.41568,42.712
12,342,0.41347,42.304
12,343,0.42876,42.916
12,344,0.42613,42.994
12,345,0.43817,43.06
12,346,0.43455,42.848
12,347,0.44417,43.094
12,348,0.4517,42.984
12,349,0.44696,43.227
12,350,0.45602,43.255
12,351,0.45602,43.385
12,352,0.46805,43.764
12,353,0.47377,43.727
12,354,0.48351,43.695
12,355,0.58631,51.800446951296614
12,356,0.48624,43.772
12,357,0.49822,44.253
12,358,0.5006,44.094
12,359,0.50509,44.257
12,360,0.51352,44.388
12,361,0.52308,44.452
12,362,0.52038,45.066
12,363,0.52778,44.622
12,364,0.53638,44.971
12,365,0.53822,44.885
12,366,0.55877,45.485
12,367,0.54621,45.571
12,368,0.56264,45.463
12,369,0.56282,45.755
12,370,0.57201,45.428
12,371,0.58666,46.034
12,372,0.5921,46.49
12,373,0.58879,46.372
12,374,0.59695,45.963
12,375,0.6047,46.578
12,376,0.61148,46.579
12,377,0.62492,46.944
12,378,0.62407,47.045
12,379,0.63542,46.638
12,380,0.64362,47.393
12,381,0.64935,47.613
12,382,0.65404,47.6
12,383,0.658,47.698
12,384,0.67972,47.873
12,385,0.6766,47.864
12,386,0.68799,48.032
12,387,0.69708,48.605
12,388,0.70555,48.26
12,389,0.71551,49.01
12,390,0.72307,49.055
12,391,0.72895,49.31
12,392,0.74418,49.233
12,393,0.74932,49.514
12,394,0.75312,49.303
12,395,0.76123,49.581
12,396,0.76936,49.732
12,397,0.77837,50.059
12,398,0.78961,50.053
12,399,0.79261,50.511
12,400,0.80449,50.903
12,401,0.81797,51.092
12,402,0.83223,51.208
12,403,0.83391,51.479
12,404,0.848,51.563
12,405,0.86139,51.839
12,406,0.86594,51.981
12,407,0.87218,52.123
12,408,0.89174,52.607
12,409,0.89663,52.588
12,410,0.90832,53.015
12,411,0.92005,53.045
12,412,0.92965,53.409
12,413,0.9352,53.463
12,414,0.94159,53.659
12,415,0.96402,54.183
12,416,0.97108,54.243
12,417,0.98978,54.856
12,418,0.99552,54.722
12,419,1.01179,54.735
13,0,0.07128,34.005
13,1,0.0761,34.025
13,2,0.06968,33.911
13,3,0.07002,34.085
13,4,0.06486,34.171
13,5,0.06832,33.51
13,6,0.07231,33.963
13,7,0.07182,34.088
13,8,0.07531,34.455
13,9,0.07016,34.137
13,10,0.07596,33.607
13,11,0.06999,33.72
13,12,0.07532,34.186
13,13,0.07518,34.053
13,14,0.07314,34.055
13,15,0.07257,34.201
13,16,0.07012,33.825
13,17,0.07511,34.039
13,18,0.07042,34.095
13,19,0.0728,33.883
13,20,0.07463,33.921
13,21,0.07543,34.049
13,22,0.07376,33.976
13,23,0.08004,34.316
13,24,0.06948,34.141
13,25,0.07864,34.297
13,26,0.08039,34.255
13,27,0.07959,34.138
13,28,0.08077,34.305
13,29,0.07215,34.242
13,30,0.07743,34.12
13,31,0.07646,34.074
13,32,0.07945,34.029
13,33,0.07255,33.832
13,34,0.08066,34.226
13,35,0.08389,34.331
13,36,0.08313,34.185
13,37,0.07834,34.199
13,38,0.07982,34.188
13,39,0.07725,33.852
13,40,0.0836,34.44
13,41,0.07896,34.29
13,42,0.0811,34.492
13,43,0.07688,34.134
13,44,0.08166,34.317
13,45,0.08901,34.454
13,46,0.08621,34.375
13,47,0.0879,34.6
13,48,0.08267,34.231
13,49,0.08635,34.278
13,50,0.08557,34.317
13,51,0.08669,34.385
13,52,0.08287,34.538
13,53,0.08702,34.416
13,54,0.08818,34.122
13,55,0.0953,34.649
13,56,0.07953,34.468
13,57,0.08484,34.577
13,58,0.08879,34.159
13,59,0.08982,34.538
13,60,0.09387,34.711
13,61,0.08479,34.568
13,62,0.08859,34.812
13,63,0.08934,34.445
13,64,0.08799,34.352
13,65,0.08875,34.707
13,66,0.08701,34.587
13,67,0.09619,34.944
13,68,0.09361,34.395
13,69,0.09331,34.711
13,70,0.09491,34.708
13,71,0.10062,34.901
13,72,0.09655,34.308
13,73,0.09322,34.509
13,74,0.08907,34.258
13,75,0.09653,34.656
13,76,0.10026,34.734
13,77,0.09988,34.682
13,78,0.09972,34.851
13,79,0.10611,34.826
13,80,0.10149,34.981
13,81,0.09585,35.058
13,82,0.10703,34.611
13,83,0.10452,34.775
13,84,0.10218,34.896
13,85,0.10872,34.905
13,86,0.10347,34.934
13,87,0.10835,34.787
13,88,0.11374,35.002
13,89,0.11151,35.162
13,90,0.11089,34.931
13,91,0.1024,34.827
13,92,0.11008,34.842
13,93,0.11468,35.145
13,94,0.10865,35.113
13,95,0.11522,35.026
13,96,0.11862,35.708
13,97,0.11025,35.002
13,98,0.1169,35.67
13,99,0.11357,34.938
13,100,0.1137,35.373
13,101,0.11564,35.01
13,102,0.12041,35.368
13,103,0.1248,35.44
13,104,0.12256,35.342
13,105,0.11741,35.187
13,106,0.12396,35.311
13,107,0.11855,35.03
13,108,0.12578,35.634
13,109,0.13381,35.622
13,110,0.12537,35.362
13,111,0.12524,35.591
13,112,0.13918,35.662
13,113,0.12709,35.683
13,114,0.13437,35.741
13,115,0.14072,35.568
13,116,0.13009,35.529
13,117,0.13723,35.678
13,118,0.14816,35.975
13,119,0.13748,35.781
13,120,0.14495,35.808
13,121,0.14189,36.072
13,122,0.14814,36.08
13,123,0.15505,36.615
13,124,0.14124,35.517
13,125,0.15157,36.4
13,126,0.14903,35.96
13,127,0.14821,35.805
13,128,0.15764,36.211
13,129,0.15593,35.877
13,130,0.16038,36.477
13,131,0.15268,36.208
13,132,0.15979,36.254
13,133,0.1499,35.951
13,134,0.1645,36.358
13,135,0.26421,48.92805356233376
13,136,0.16663,36.105
13,137,0.16807,36.582
13,138,0.16742,36.692
13,139,0.16681,36.501
13,140,0.16874,36.52
13,141,0.17947,36.83
13,142,0.1778,36.824
13,143,0.18108,37.043
13,144,0.18568,37.31
13,145,0.18571,36.695
13,146,0.19067,37.427
13,147,0.19931,37.675
13,148,0.18978,37.171
13,149,0.19297,37.137
13,150,0.19595,37.554
13,151,0.19245,37.004
13,152,0.20612,37.855
13,153,0.20109,37.762
13,154,0.21016,37.617
13,155,0.19908,37.045
13,156,0.20881,37.787
13,157,0.21716,37.762
13,158,0.21589,37.815
13,159,0.2187,37.929
13,160,0.22227,37.655
13,161,0.22442,38.042
13,162,0.23211,38.083
13,163,0.23193,38.357
13,164,0.23354,37.936
13,165,0.24124,38.639
13,166,0.24124,38.498
13,167,0.23637,38.517
13,168,0.25268,38.569
13,169,0.25541,39.089
13,170,0.2488,38.61
13,171,0.25121,38.739
13,172,0.26205,38.774
13,173,0.26533,39.253
13,174,0.27,39.339
13,175,0.26613,39.121
13,176,0.27618,39.703
13,177,0.27857,39.559
13,178,0.27869,39.246
13,179,0.28121,39.459
13,180,0.29859,39.921
13,181,0.29587,40.041
13,182,0.29419,39.798
13,183,0.30526,40.262
13,184,0.29908,40.133
13,185,0.20922,26.3193713050536
13,186,0.31748,40.803
13,187,0.31958,40.79
13,188,0.31923,40.571
13,189,0.32751,40.819
13,190,0.33326,40.646
13,191,0.33574,40.651
13,192,0.33901,41.162
13,193,0.34826,41.356
13,194,0.36164,41.603
13,195,0.36212,41.681
13,196,0.37594,41.435
13,197,0.36741,41.945
13,198,0.37276,42.068
13,199,0.38112,42.348
13,200,0.38252,42.247
13,201,0.3947,42.56
13,202,0.39932,42.896
13,203,0.398,42.645
13,204,0.40599,42.982
13,205,0.41369,42.539
13,206,0.42649,43.317
13,207,0.43122,43.781
13,208,0.43783,43.704
13,209,0.44282,43.572
13,210,0.44893,44.357
13,211,0.4552,44.096
13,212,0.46876,44.176
13,213,0.47336,44.288
13,214,0.47976,44.77
13,215,0.48802,44.79
13,216,0.49097,45.203
13,217,0.49875,45.426
13,218,0.50944,45.468
13,219,0.51529,45.712
13,220,0.52377,46.08
13,221,0.5314,46.021
13,222,0.54491,46.407
13,223,0.54764,46.066
13,224,0.55433,46.572
13,225,0.56517,46.881
13,226,0.58026,47.268
13,227,0.58268,47.518
13,228,0.59039,48.003
13,229,0.60749,47.907
13,230,0.61799,48.661
13,231,0.6192,48.216
13,232,0.63132,48.485
13,233,0.64082,48.939
13,234,0.65632,49.443
13,235,0.66426,49.539
13,236,0.67035,49.915
13,237,0.68878,50.159
13,238,0.69322,50.71
13,239,0.70992,50.919
13,240,0.72221,50.923
13,241,0.73817,51.503
13,242,0.74739,52.118
13,243,0.75657,51.832
13,244,0.75863,52.115
13,245,0.78218,52.627
13,246,0.79453,53.155
13,247,0.81099,53.457
13,248,0.8201,53.706
13,249,0.83391,54.004
13,250,0.84544,54.319
13,251,0.86212,54.68
13,252,0.87392,55.522
13,253,0.8938,55.493
13,254,0.90841,56.195
13,255,0.91954,56.221
13,256,0.93194,56.734
13,257,0.94739,57.316
13,258,0.97212,57.739
13,259,0.98725,58.064
13,260,0.99622,58.603
13,261,1.02208,59.457
14,0,0.06187,35.351
14,1,0.06463,35.404
14,2,0.06741,35.301
14,3,0.06154,35.296
14,4,0.05832,35.25
14,5,0.05571,35.355
14,6,0.06292,35.204
14,7,0.05955,35.185
14,8,0.06579,35.482
14,9,0.06038,35.081
14,10,0.06598,35.232
14,11,0.06376,35.351
14,12,0.06493,35.525
14,13,0.0588,34.833
14,14,0.06175,35.642
14,15,0.07228,35.885
14,16,0.06359,34.967
14,17,0.05517,35.011
14,18,0.06393,35.591
14,19,0.06837,35.476
14,20,0.06153,35.084
14,21,0.06629,35.523
14,22,0.06703,35.193
14,23,0.06826,35.513
14,24,0.06157,35.121
14,25,0.06881,35.393
14,26,0.07261,35.626
14,27,0.06451,35.342
14,28,0.06692,35.252
14,29,0.06323,35.455
14,30,0.07048,35.599
14,31,0.07337,35.435
14,32,0.07423,35.382
14,33,0.06371,34.974
14,34,0.0662,35.281
14,35,0.07032,35.523
14,36,0.06368,35.246
14,37,0.06721,35.049
14,38,0.06501,35.201
14,39,0.07491,35.616
14,40,0.07208,35.214
14,41,0.07446,35.828
14,42,0.06195,35.145
14,43,0.07218,35.645
14,44,0.06775,35.355
14,45,0.06835,35.452
14,46,0.0758,35.443
14,47,0.07529,35.43
14,48,0.06818,35.59
14,49,0.07554,35.762
14,50,0.06688,35.304
14,51,0.07573,35.604
14,52,0.06844,35.524
14,53,0.07018,35.83
14,54,0.07953,35.802
14,55,0.0791,35.685
14,56,0.07704,35.921
14,57,0.07528,35.535
14,58,0.06781,35.401
14,59,0.07825,35.842
14,60,0.07731,35.523
14,61,0.06773,35.317
14,62,0.07477,35.512
14,63,0.07881,36.062
14,64,0.07719,35.585
14,65,0.07602,35.627
14,66,0.07412,35.584
14,67,0.07961,35.725
14,68,0.08001,35.779
14,69,0.07148,35.628
14,70,0.07628,35.389
14,71,0.07494,35.665
14,72,0.07887,35.33
14,73,0.08209,35.451
14,74,0.08115,35.766
14,75,0.08455,36.151
14,76,0.07598,35.591
14,77,0.08077,35.796
14,78,0.08318,35.693
14,79,0.081,35.491
14,80,0.08717,35.945
14,81,0.08736,35.795
14,82,0.08153,35.511
14,83,0.08607,35.62
14,84,0.09251,35.712
14,85,0.0867,36.156
14,86,0.0885,35.918
14,87,0.08273,35.477
14,88,0.0902,36.223
14,89,0.08589,35.597
14,90,0.07834,35.458
14,91,0.08826,36.197
14,92,0.09195,36.022
14,93,0.08821,35.76
14,94,0.09599,36.092
14,95,0.08253,35.614
14,96,0.08809,35.765
14,97,0.09436,35.993
14,98,0.0924,36.233
14,99,0.09053,36.302
14,100,0.09124,35.963
14,101,0.09343,36.019
14,102,0.09696,36.16
14,103,0.09282,35.756
14,104,0.10649,36.191
14,105,0.09994,35.819
14,106,0.0967,36.042
14,107,0.10039,35.606
14,108,0.09986,35.909
14,109,0.1012,35.961
14,110,0.09719,36.024
14,111,0.09713,35.982
14,112,0.0973,35.714
14,113,0.1069,36.038
14,114,0.10287,36.357
14,115,0.10189,36.019
14,116,0.10604,36.501
14,117,0.10125,36.14
14,118,0.09981,36.059
14,119,0.10769,36.144
14,120,0.10656,36.008
14,121,0.10954,36.567
14,122,0.1057,36.145
14,123,0.11296,36.676
14,124,0.10586,36.24
14,125,0.11387,36.433
14,126,0.10373,36.326
14,127,0.12064,36.629
14,128,0.11138,36.295
14,129,0.12353,36.853
14,130,0.11998,36.662
14,131,0.11575,36.456
14,132,0.11908,36.681
14,133,0.12644,36.96
14,134,0.11575,36.541
14,135,0.12542,36.837
14,136,0.12101,37.197
14,137,0.11949,36.363
14,138,0.12662,37.164
14,139,0.12345,36.616
14,140,0.13223,36.863
14,141,0.12772,36.878
14,142,0.1313,37.052
14,143,0.13655,37.025
14,144,0.13374,36.943
14,145,0.13574,36.957
14,146,0.13501,37.168
14,147,0.14233,36.792
14,148,0.13757,36.849
14,149,0.13757,37.067
14,150,0.14279,37.082
14,151,0.13379,36.708
14,152,0.14637,36.636
14,153,0.1489,37.346
14,154,0.1508,37.244
14,155,0.1387,37.098
14,156,0.15347,37.529
14,157,0.14717,37.22
14,158,0.14916,37.083
14,159,0.1566,37.175
14,160,0.15072,37.061
14,161,0.14987,37.293
14,162,0.16204,37.5
14,163,0.15296,37.501
14,164,0.16734,37.527
14,165,0.16031,37.601
14,166,0.17037,37.62
14,167,0.16024,37.623
14,168,0.17048,37.728
14,169,0.16678,37.842
14,170,0.17289,37.627
14,171,0.17276,37.508
14,172,0.17712,37.824
14,173,0.17448,37.81
14,174,0.17826,38.08
14,175,0.18236,37.962
14,176,0.18498,38.133
14,177,0.18217,37.965
14,178,0.18527,38.16
14,179,0.18641,38.007
14,180,0.1978,38.529
14,181,0.18897,38.256
14,182,0.19459,38.347
14,183,0.19681,38.557
14,184,0.19982,38.374
14,185,0.20481,38.545
14,186,0.20337,38.529
14,187,0.20478,38.5
14,188,0.20512,38.355
14,189,0.20582,38.243
14,190,0.20867,38.551
14,191,0.21502,38.674
14,192,0.20763,38.877
14,193,0.22389,39.017
14,194,0.2297,38.863
14,195,0.23219,38.921
14,196,0.2282,38.77
14,197,0.22995,39.141
14,198,0.23195,39.252
14,199,0.23569,39.089
14,200,0.23579,39.357
14,201,0.23825,39.434
14,202,0.24861,39.15
14,203,0.25114,39.953
14,204,0.25056,39.647
14,205,0.25668,39.61
14,206,0.25628,39.393
14,207,0.25918,39.821
14,208,0.26381,40.038
14,209,0.26181,39.674
14,210,0.27571,40.063
14,211,0.27219,40.0
14,212,0.27141,40.321
14,213,0.27595,39.873
14,214,0.27967,39.782
14,215,0.28234,40.048
14,216,0.29093,40.3
14,217,0.29558,40.819
14,218,0.29878,40.569
14,219,0.2999,40.332
14,220,0.30254,40.524
14,221,0.30964,41.37
14,222,0.31271,40.527
14,223,0.31318,40.96
14,224,0.31894,40.919
14,225,0.3236,40.921
14,226,0.32292,41.284
14,227,0.32679,41.349
14,228,0.32959,41.657
14,229,0.33624,41.409
14,230,0.34501,41.538
14,231,0.34866,41.849
14,232,0.35641,42.066
14,233,0.35642,41.878
14,234,0.37111,42.428
14,235,0.36271,42.069
14,236,0.36981,42.182
14,237,0.37105,42.155
14,238,0.38811,42.736
14,239,0.37587,42.589
14,240,0.39524,42.709
14,241,0.39887,42.691
14,242,0.39932,43.172
14,243,0.4054,42.635
14,244,0.41159,43.133
14,245,0.42207,43.387
14,246,0.42112,43.572
14,247,0.42889,43.388
14,248,0.43872,43.797
14,249,0.43989,43.82
14,250,0.44146,43.715
14,251,0.45171,44.012
14,252,0.46282,44.344
14,253,0.46729,44.403
14,254,0.47432,44.639
14,255,0.47647,44.605
14,256,0.47902,44.766
14,257,0.48919,44.793
14,258,0.50039,44.895
14,259,0.50099,45.364
14,260,0.51075,45.369
14,261,0.51742,45.564
14,262,0.51737,45.457
14,263,0.53703,45.837
14,264,0.53653,45.85
14,265,0.5448,46.027
14,266,0.55455,46.403
14,267,0.56327,46.349
14,268,0.5665,46.587
14,269,0.57749,46.72
14,270,0.58725,47.336
14,271,0.58767,47.01
14,272,0.59766,47.859
14,273,0.60636,47.864
14,274,0.61142,47.444
14,275,0.62228,47.717
14,276,0.63262,47.977
14,277,0.63922,48.499
14,278,0.65632,48.842
14,279,0.66259,48.811
14,280,0.66771,48.717
14,281,0.6805,48.961
14,282,0.68456,49.517
14,283,0.70577,49.842
14,284,0.71237,49.863
14,285,0.71251,50.038
14,286,0.73022,50.328
14,287,0.7372,50.663
14,288,0.7446,50.482
14,289,0.75505,50.889
14,290,0.76543,50.969
14,291,0.77782,51.332
14,292,0.78572,51.579
14,293,0.80785,52.086
14,294,0.82039,52.608
14,295,0.82887,52.547
14,296,0.83756,52.88
14,297,0.84779,52.581
14,298,0.86339,53.082
14,299,0.86982,53.453
14,300,0.88572,53.528
14,301,0.89939,54.311
14,302,0.90703,54.544
14,303,0.91831,54.966
14,304,0.93611,54.972
14,305,0.94359,55.099
14,306,0.96568,55.591
14,307,1.07633,70.43949266942063
14,308,0.99712,56.322
14,309,1.013,56.567
15,0,0.07282,33.829
15,1,0.07209,33.96
15,2,0.08033,34.351
15,3,0.06369,33.525
15,4,0.0677,33.888
15,5,0.07317,33.977
15,6,0.07165,33.605
15,7,0.06983,33.454
15,8,0.06832,33.423
15,9,0.0693,33.528
15,10,0.0751,33.981
15,11,0.07517,34.147
15,12,0.07336,33.705
15,13,0.08259,34.304
15,14,0.07444,33.908
15,15,0.07506,33.869
15,16,0.0745,33.993
15,17,0.07116,33.472
15,18,0.06585,33.826
15,19,0.0679,33.799
15,20,0.0697,33.53
15,21,0.07153,33.848
15,22,0.06933,33.623
15,23,0.07447,33.65
15,24,0.08038,33.715
15,25,0.07388,34.13
15,26,0.06955,33.731
15,27,0.07547,33.759
15,28,0.07472,34.012
15,29,0.07326,34.011
15,30,0.07679,33.842
15,31,0.07983,33.896
15,32,0.07884,33.872
15,33,0.07425,33.854
15,34,0.07697,33.48
15,35,0.07755,33.959
15,36,0.07696,34.064
15,37,0.0775,33.577
15,38,0.07179,33.883
15,39,0.07694,33.804
15,40,0.0792,33.975
15,41,0.0799,34.288
15,42,0.07758,34.092
15,43,0.07415,34.062
15,44,0.07757,33.921
15,45,0.07193,33.723
15,46,0.07249,33.989
15,47,0.08193,34.287
15,48,0.08711,34.158
15,49,0.07967,33.804
15,50,0.07662,33.658
15,51,0.07981,33.973
15,52,0.06944,33.613
15,53,0.08496,34.272
15,54,0.081,34.102
15,55,0.07733,33.976
15,56,0.07917,33.806
15,57,0.08137,34.312
15,58,0.07767,33.878
15,59,0.07563,34.277
15,60,0.07693,34.093
15,61,0.07812,33.947
15,62,0.07596,33.741
15,63,0.08213,33.911
15,64,0.08116,34.1
15,65,0.08247,33.997
15,66,0.08393,34.132
15,67,0.09013,34.013
15,68,0.08964,34.297
15,69,0.08097,33.956
15,70,0.07396,33.772
15,71,0.07894,34.055
15,72,0.08505,34.23
15,73,0.08156,34.17
15,74,0.07387,33.543
15,75,0.07508,33.835
15,76,0.07375,33.734
15,77,0.07594,34.031
15,78,0.08334,34.083
15,79,0.07416,33.836
15,80,0.08326,34.304
15,81,0.08914,34.532
15,82,0.08297,34.076
15,83,0.07953,34.307
15,84,0.08336,34.27
15,85,0.08052,33.816
15,86,0.08148,34.03
15,87,0.08404,34.016
15,88,0.08357,34.386
15,89,0.07698,33.54
15,90,0.08887,34.007
15,91,0.08257,34.244
15,92,0.08406,34.15
15,93,0.0848,34.689
15,94,0.09185,34.246
15,95,0.08915,34.409
15,96,0.08509,34.012
15,97,0.0872,34.192
15,98,0.0841,34.012
15,99,0.08985,34.175
15,100,0.18304,47.133502451211115
15,101,0.08574,34.188
15,102,0.09069,34.615
15,103,0.07829,33.975
15,104,0.0814,34.011
15,105,0.08727,34.184
15,106,0.08344,33.931
15,107,0.09071,34.659
15,108,0.07981,33.978
15,109,0.09124,34.361
15,110,0.08413,34.07
15,111,0.09006,34.273
15,112,0.08893,34.298
15,113,0.0873,34.419
15,114,0.08776,34.068
15,115,0.09887,34.568
15,116,0.07984,34.295
15,117,0.09554,34.581
15,118,0.09335,34.859
15,119,0.08727,34.282
15,120,0.0993,35.032
15,121,0.09026,34.742
15,122,0.09524,34.78
15,123,0.09542,34.547
15,124,0.1015,34.552
15,125,0.10059,35.044
15,126,0.09876,34.566
15,127,0.09461,34.208
15,128,0.09215,34.518
15,129,0.08859,34.233
15,130,0.10242,34.653
15,131,0.09912,34.704
15,132,0.09411,34.418
15,133,0.09636,34.102
15,134,0.09984,34.587
15,135,0.10034,34.703
15,136,0.09613,34.546
15,137,0.09796,34.853
15,138,0.09778,34.61
15,139,0.09287,34.404
15,140,0.004119999999999999,24.947235803149383
15,141,0.09437,34.261
15,142,0.09612,34.706
15,143,0.103,34.01
15,144,0.09957,34.633
15,145,0.09646,34.437
15,146,0.10605,34.869
15,147,0.09916,34.554
15,148,0.10067,34.691
15,149,0.0963,34.377
15,150,0.1066,34.788
15,151,0.0995,34.44
15,152,0.10624,34.689
15,153,0.10585,34.656
15,154,0.09975,34.658
15,155,0.10435,34.876
15,156,0.10875,34.792
15,157,0.10709,34.739
15,158,0.10872,34.909
15,159,0.10418,34.593
15,160,0.10825,35.082
15,161,0.11129,34.747
15,162,0.10484,34.615
15,163,0.10633,34.432
15,164,0.1124,34.876
15,165,0.11162,34.882
15,166,0.11022,34.768
15,167,0.11074,34.746
15,168,0.11132,35.228
15,169,0.11405,35.072
15,170,0.10725,34.935
15,171,0.11577,35.116
15,172,0.11455,35.0
15,173,0.11688,35.373
15,174,0.1162,34.88
15,175,0.1119,35.098
15,176,0.11224,35.003
15,177,0.11533,34.835
15,178,0.12067,35.342
15,179,0.11255,35.068
15,180,0.11996,35.349
15,181,0.11994,35.466
15,182,0.11942,35.111
15,183,0.1167,34.902
15,184,0.11718,35.146
15,185,0.12089,35.273
15,186,0.11782,34.949
15,187,0.11987,35.612
15,188,0.02341,29.5142837608075
15,189,0.12449,35.62
15,190,0.11907,35.144
15,191,0.11978,34.7
15,192,0.12408,35.38
15,193,0.12459,35.391
15,194,0.12897,35.409
15,195,0.13439,35.471
15,196,0.13164,35.151
15,197,0.13131,35.451
15,198,0.127,35.46
15,199,0.12959,35.8
15,200,0.12364,35.335
15,201,0.13439,35.534
15,202,0.13295,35.563
15,203,0.14018,35.419
15,204,0.13358,35.357
15,205,0.1333,35.627
15,206,0.14094,35.988
15,207,0.14191,35.94
15,208,0.13476,35.897
15,209,0.1405,35.97
15,210,0.13678,35.609
15,211,0.14701,35.953
15,212,0.14119,36.044
15,213,0.1405,35.759
15,214,0.14874,36.415
15,215,0.14535,35.845
15,216,0.14642,35.978
15,217,0.15158,36.296
15,218,0.053299999999999986,25.455471251191476
15,219,0.15459,36.18
15,220,0.15538,36.345
15,221,0.16001,36.245
15,222,0.1524,36.19
15,223,0.16043,36.339
15,224,0.16182,36.505
15,225,0.15716,36.348
15,226,0.15738,36.289
15,227,0.156,36.188
15,228,0.16547,36.624
15,229,0.16516,36.519
15,230,0.26453000000000004,47.57792189820684
15,231,0.1643,36.474
15,232,0.16187,36.018
15,233,0.17215,36.67
15,234,0.16975,36.703
15,235,0.16628,36.413
15,236,0.17754,36.714
15,237,0.17179,36.515
15,238,0.17123,36.855
15,239,0.16565,36.384
15,240,0.17784,37.16
15,241,0.1738,36.445
15,242,0.17631,36.918
15,243,0.18169,36.641
15,244,0.18304,37.278
15,245,0.18517,37.061
15,246,0.1865,37.149
15,247,0.18204,36.893
15,248,0.18792,37.01
15,249,0.19293,37.121
15,250,0.19032,36.922
15,251,0.19486,37.491
15,252,0.19351,37.426
15,253,0.19599,36.829
15,254,0.19802,37.357
15,255,0.20031,37.508
15,256,0.19886,37.71
15,257,0.20304,37.495
15,258,0.20802,37.679
15,259,0.21706,37.89
15,260,0.20999,37.582
15,261,0.21387,37.903
15,262,0.21085,37.581
15,263,0.20882,37.782
15,264,0.21038,38.004
15,265,0.21278,37.775
15,266,0.21622,37.915
15,267,0.2218,38.155
15,268,0.21756,37.793
15,269,0.22955,38.417
15,270,0.21769,38.025
15,271,0.2256,38.055
15,272,0.2309,38.635
15,273,0.22974,38.01
15,274,0.23784,38.515
15,275,0.24302,38.597
15,276,0.24521,38.733
15,277,0.2447,39.039
15,278,0.24415,38.908
15,279,0.24463,38.758
15,280,0.2436,38.583
15,281,0.24747,39.038
15,282,0.26102,39.106
15,283,0.25335,38.697
15,284,0.25992,39.025
15,285,0.25911,39.449
15,286,0.2626,39.339
15,287,0.26651,39.061
15,288,0.26146,39.287
15,289,0.27823,39.728
15,290,0.27651,39.435
15,291,0.28072,39.936
15,292,0.27655,39.726
15,293,0.27497,39.717
15,294,0.18249,26.722220296351782
15,295,0.28917,39.62
15,296,0.29174,39.821
15,297,0.28784,39.949
15,298,0.29542,40.443
15,299,0.29389,40.383
15,300,0.29744,40.393
15,301,0.30942,40.612
15,302,0.30486,40.115
15,303,0.3033,40.745
15,304,0.31303,40.43
15,305,0.3128,40.678
15,306,0.31899,40.435
15,307,0.32726,41.121
15,308,0.33444,41.485
15,309,0.31801,41.075
15,310,0.33859,41.227
15,311,0.33544,41.368
15,312,0.33656,41.268
15,313,0.34811,41.748
15,314,0.34498,41.76
15,315,0.35244,41.821
15,316,0.3528,41.776
15,317,0.25543000000000005,30.04267088225508
15,318,0.36113,41.989
15,319,0.36657,42.41
15,320,0.36723,42.112
15,321,0.37677,42.306
15,322,0.37824,42.416
15,323,0.38061,42.717
15,324,0.38411,42.822
15,325,0.38186,42.314
15,326,0.38452,42.442
15,327,0.40539,43.263
15,328,0.3993,43.251
15,329,0.41017,43.158
15,330,0.4208,43.759
15,331,0.4168,43.69
15,332,0.42162,43.602
15,333,0.4326,43.981
15,334,0.43254,43.941
15,335,0.43072,44.365
15,336,0.43757,44.172
15,337,0.44388,44.878
15,338,0.45622,44.963
15,339,0.46382,44.733
15,340,0.45995,44.828
15,341,0.45523,44.772
15,342,0.4654,45.273
15,343,0.47089,45.032
15,344,0.48379,45.475
15,345,0.48755,45.679
15,346,0.48996,45.614
15,347,0.4956,45.796
15,348,0.49583,45.808
15,349,0.50971,46.329
15,350,0.51322,46.322
15,351,0.50806,45.931
15,352,0.52039,46.298
15,353,0.52526,46.55
15,354,0.53111,47.116
15,355,0.53898,47.238
15,356,0.54588,47.53
15,357,0.55542,47.399
15,358,0.56537,47.708
15,359,0.56459,47.852
15,360,0.57209,48.149
15,361,0.57354,48.173
15,362,0.5854,48.367
15,363,0.58891,48.304
15,364,0.59827,48.599
15,365,0.60407,48.875
15,366,0.60463,48.724
15,367,0.61852,49.2
15,368,0.6217,49.242
15,369,0.62813,49.905
15,370,0.63378,50.031
15,371,0.64424,49.902
15,372,0.65449,50.334
15,373,0.65965,50.514
15,374,0.66817,50.668
15,375,0.67945,50.741
15,376,0.67983,50.884
15,377,0.68713,51.265
15,378,0.70137,51.259
15,379,0.70553,51.705
15,380,0.71447,51.766
15,381,0.72265,52.072
15,382,0.73096,52.146
15,383,0.73949,52.588
15,384,0.74837,53.043
15,385,0.75796,53.413
15,386,0.76553,53.593
15,387,0.78042,53.946
15,388,0.7849,54.101
15,389,0.7954,54.515
15,390,0.80663,54.795
15,391,0.81304,54.883
15,392,0.82369,54.875
15,393,0.83633,55.141
15,394,0.84469,55.765
15,395,0.85061,55.957
15,396,0.86345,55.982
15,397,0.8776,56.658
15,398,0.89149,57.195
15,399,0.89285,56.938
15,400,0.90276,57.387
15,401,0.91976,58.083
15,402,0.92653,58.384
15,403,0.92762,58.154
15,404,0.95181,58.856
15,405,0.95271,59.05
15,406,0.97248,59.4
15,407,0.98132,59.981
15,408,0.99443,59.905
15,409,1.00124,60.298
16,0,0.03201,36.104
16,1,0.03116,36.012
16,2,0.03032,36.201
16,3,0.02704,36.013
16,4,0.0292,35.466
16,5,0.03327,35.892
16,6,0.02795,35.453
16,7,0.03242,36.114
16,8,0.03486,36.001
16,9,0.0345,35.973
16,10,0.02694,35.476
16,11,0.03191,35.872
16,12,0.03619,36.179
16,13,0.03528,35.945
16,14,0.02741,35.856
16,15,0.0351,35.519
16,16,0.02973,35.703
16,17,0.03362,35.793
16,18,0.03306,35.895
16,19,0.03265,35.782
16,20,0.03081,35.656
16,21,0.03496,36.106
16,22,0.03043,36.165
16,23,0.03233,36.222
16,24,0.0311,35.475
16,25,0.03535,36.053
16,26,0.03396,35.835
16,27,0.03376,35.855
16,28,0.03277,36.097
16,29,0.03479,36.109
16,30,0.03321,35.873
16,31,0.02961,35.763
16,32,0.02102,35.47
16,33,0.03406,36.079
16,34,0.03339,36.016
16,35,0.02583,35.716
16,36,0.02792,35.547
16,37,0.03398,36.219
16,38,0.0363,36.035
16,39,0.03482,35.845
16,40,0.03281,36.015
16,41,0.02954,35.954
16,42,0.03361,36.118
16,43,0.0391,35.778
16,44,0.03302,35.765
16,45,0.02819,35.59
16,46,0.0453,36.414
16,47,0.0433,36.4
16,48,0.03276,35.852
16,49,0.03818,36.173
16,50,0.03361,35.651
16,51,0.04917,36.376
16,52,0.03481,36.011
16,53,0.03524,36.025
16,54,0.04146,36.156
16,55,0.03176,35.867
16,56,0.03466,36.268
16,57,0.04131,36.198
16,58,0.03161,35.65
16,59,0.03689,36.115
16,60,0.03544,35.91
16,61,0.03467,35.979
16,62,0.02762,35.559
16,63,0.03475,36.228
16,64,0.03411,36.004
16,65,0.03839,36.351
16,66,0.04264,36.203
16,67,0.0358,35.884
16,68,0.03686,35.96
16,69,0.04015,36.227
16,70,0.04042,36.402
16,71,0.04562,36.326
16,72,0.04268,36.146
16,73,0.04315,36.442
16,74,0.04256,36.231
16,75,0.13597,42.14887695937183
16,76,0.03861,36.405
16,77,0.03765,36.227
16,78,0.04239,36.151
16,79,0.04441,35.684
16,80,0.03438,35.792
16,81,0.03612,36.093
16,82,0.04069,36.237
16,83,0.04204,36.007
16,84,0.03492,36.07
16,85,0.0374,35.749
16,86,0.04394,36.531
16,87,0.04642,36.362
16,88,0.04283,36.494
16,89,0.0379,36.3
16,90,0.04171,36.37
16,91,0.04149,36.441
16,92,0.04178,35.893
16,93,0.04684,36.147
16,94,0.04619,36.299
16,95,0.04603,36.54
16,96,0.04319,36.332
16,97,0.04331,35.831
16,98,0.04224,35.98
16,99,0.0426,35.985
16,100,0.03733,36.382
16,101,0.14650000000000002,41.37816251676793
16,102,0.04312,36.179
16,103,0.04482,36.143
16,104,0.04667,36.281
16,105,0.04117,36.177
16,106,0.04065,36.223
16,107,0.04103,36.262
16,108,0.0482,36.232
16,109,0.04298,36.317
16,110,0.04193,36.287
16,111,0.04606,36.53
16,112,0.04159,35.996
16,113,0.04295,36.03
16,114,0.04661,36.097
16,115,0.05386,36.799
16,116,0.04476,36.449
16,117,0.03834,36.595
16,118,0.0427,36.192
16,119,0.03782,36.172
16,120,0.041,36.188
16,121,0.04343,36.022
16,122,0.04258,36.258
16,123,0.04086,36.013
16,124,0.04883,36.914
16,125,0.04827,36.194
16,126,0.04509,36.292
16,127,0.04535,36.474
16,128,0.04782,36.546
16,129,0.04589,36.574
16,130,0.04668,36.137
16,131,0.05626,36.244
16,132,0.0448,36.152
16,133,0.05799,37.021
16,134,0.15414,46.426129655480146
16,135,0.05808,36.736
16,136,0.05249,36.536
16,137,0.0486,36.337
16,138,0.04817,36.497
16,139,0.0507,36.442
16,140,0.05548,35.993
16,141,0.05171,36.621
16,142,0.05448,36.545
16,143,0.05095,36.653
16,144,0.05631,36.551
16,145,0.05164,36.811
16,146,0.04231,36.067
16,147,0.0,28.0347503322246
16,148,0.05336,36.436
16,149,0.04798,36.251
16,150,0.05794,36.532
16,151,0.0524,36.347
16,152,0.0556,36.483
16,153,0.05209,36.152
16,154,0.04627,36.322
16,155,0.04768,36.782
16,156,0.04499,36.123
16,157,0.05355,36.458
16,158,0.04933,36.217
16,159,0.05004,36.372
16,160,0.06207,36.793
16,161,0.05926,36.798
16,162,0.05925,36.136
16,163,0.05385,36.801
16,164,0.05305,36.869
16,165,0.06155,36.669
16,166,0.05388,36.338
16,167,0.05365,36.287
16,168,0.05817,36.373
16,169,0.05915,36.819
16,170,0.05038,36.749
16,171,0.05937,36.849
16,172,0.05457,36.685
16,173,0.06241,36.768
16,174,0.06621,36.906
16,175,0.06306,36.865
16,176,0.06115,36.417
16,177,0.06059,36.588
16,178,0.05603,36.952
16,179,0.05887,36.484
16,180,0.05861,36.417
16,181,0.0661,36.755
16,182,0.0628,37.07
16,183,0.059,36.795
16,184,0.05721,37.126
16,185,0.06541,36.836
16,186,0.0589,36.663
16,187,0.06097,37.136
16,188,0.05776,36.68
16,189,0.06293,36.779
16,190,0.06292,36.779
16,191,0.06719,37.048
16,192,0.06572,36.277
16,193,0.0656,36.549
16,194,0.06734,37.225
16,195,0.06141,36.706
16,196,0.06309,37.054
16,197,0.06623,37.244
16,198,0.06787,36.994
16,199,0.06687,37.08
16,200,0.06002,36.735
16,201,0.06707,37.068
16,202,0.06698,36.712
16,203,0.06815,36.737
16,204,0.06081,36.887
16,205,0.07122,37.136
16,206,0.07452,37.005
16,207,0.06398,36.819
16,208,0.06872,36.802
16,209,0.0702,36.891
16,210,0.06359,36.733
16,211,0.0668,36.961
16,212,0.06914,37.205
16,213,0.07861,37.393
16,214,0.06642,37.205
16,215,0.07936,37.282
16,216,0.07878,37.151
16,217,0.06646,36.753
16,218,0.08129,37.036
16,219,0.07482,37.154
16,220,0.07322,37.012
16,221,0.07602,37.069
16,222,0.0705,37.065
16,223,0.08094,37.498
16,224,0.07388,36.87
16,225,0.07645,37.508
16,226,0.08065,37.457
16,227,0.08211,37.442
16,228,0.07952,37.416
16,229,0.07734,36.937
16,230,0.08291,37.629
16,231,0.07605,37.347
16,232,0.08775,37.521
16,233,0.17826,49.27751084689746
16,234,0.07984,37.169
16,235,0.08429,37.101
16,236,0.07731,37.223
16,237,0.08352,37.468
16,238,0.09164,37.655
16,239,0.08707,37.307
16,240,0.08829,37.432
16,241,0.08605,37.451
16,242,0.09045,37.338
16,243,0.07774,37.189
16,244,0.08931,37.597
16,245,0.09293,37.759
16,246,0.08632,37.015
16,247,0.0882,37.74
16,248,0.08817,37.539
16,249,0.09201,37.442
16,250,0.09341,38.013
16,251,0.09082,37.385
16,252,0.09185,37.196
16,253,0.09407,37.795
16,254,0.10004,37.839
16,255,0.09559,37.577
16,256,0.09316,37.373
16,257,0.09444,37.654
16,258,0.09705,37.666
16,259,0.09683,37.718
16,260,0.09582,37.772
16,261,0.09796,37.97
16,262,0.09798,37.748
16,263,0.09841,37.687
16,264,0.09836,38.235
16,265,0.09683,37.729
16,266,0.09962,37.816
16,267,0.10053,37.948
16,268,0.09572,37.96
16,269,0.10579,37.796
16,270,0.09489,37.533
16,271,0.10372,38.5
16,272,0.10758,37.735
16,273,0.10338,37.964
16,274,0.10789,37.842
16,275,0.10708,37.938
16,276,0.10396,38.043
16,277,0.11222,38.399
16,278,0.11219,38.13
16,279,0.11352,38.33
16,280,0.11198,38.101
16,281,0.11024,38.188
16,282,0.12278,38.597
16,283,0.21137,44.32717519534505
16,284,0.11266,38.679
16,285,0.11384,38.459
16,286,0.11476,38.356
16,287,0.12026,38.349
16,288,0.11536,38.653
16,289,0.12271,38.693
16,290,0.12277,38.628
16,291,0.12855,38.713
16,292,0.12366,38.272
16,293,0.11892,38.185
16,294,0.1282,38.183
16,295,0.12239,37.926
16,296,0.12157,38.403
16,297,0.13134,38.864
16,298,0.12339,38.767
16,299,0.12772,38.687
16,300,0.12377,38.367
16,301,0.12622,38.645
16,302,0.13078,39.077
16,303,0.13297,38.29
16,304,0.13344,38.556
16,305,0.1295,38.569
16,306,0.1317,38.52
16,307,0.13616,38.642
16,308,0.13778,39.418
16,309,0.13204,38.748
16,310,0.12829,38.636
16,311,0.14198,39.237
16,312,0.14076,39.235
16,313,0.15168,39.716
16,314,0.14047,38.759
16,315,0.142,38.904
16,316,0.14651,38.988
16,317,0.1455,39.362
16,318,0.14649,39.034
16,319,0.1527,39.028
16,320,0.1478,39.253
16,321,0.15031,39.37
16,322,0.15382,39.429
16,323,0.15106,39.274
16,324,0.15124,39.519
16,325,0.15227,39.56
16,326,0.15611,39.398
16,327,0.1597,39.461
16,328,0.16098,39.686
16,329,0.15726,39.641
16,330,0.16305,39.935
16,331,0.16597,39.886
16,332,0.15884,40.071
16,333,0.15899,39.776
16,334,0.1676,39.6
16,335,0.16666,39.792
16,336,0.17367,39.868
16,337,0.1687,39.4
16,338,0.178,39.923
16,339,0.1737,39.992
16,340,0.17334,40.163
16,341,0.18177,40.296
16,342,0.17907,40.233
16,343,0.1819,40.157
16,344,0.18352,40.518
16,345,0.18495,40.206
16,346,0.18136,40.282
16,347,0.17798,40.455
16,348,0.18485,40.392
16,349,0.18404,40.046
16,350,0.1854,40.395
16,351,0.19199,40.574
16,352,0.19218,40.48
16,353,0.19429,40.905
16,354,0.19664,40.838
16,355,0.19653,40.373
16,356,0.19273,40.654
16,357,0.19842,40.816
16,358,0.20675,41.115
16,359,0.20667,40.986
16,360,0.20001,40.763
16,361,0.20164,41.133
16,362,0.20966,41.158
16,363,0.21309,40.749
16,364,0.21216,40.864
16,365,0.21146,41.044
16,366,0.21583,41.278
16,367,0.22028,41.241
16,368,0.21946,41.37
16,369,0.21183,40.933
16,370,0.21953,41.562
16,371,0.22375,41.229
16,372,0.22313,41.848
16,373,0.22594,41.46
16,374,0.22929,41.775
16,375,0.22733,41.666
16,376,0.2297,41.778
16,377,0.23357,41.843
16,378,0.23174,41.529
16,379,0.24047,41.93
16,380,0.23975,41.864
16,381,0.24415,41.931
16,382,0.24197,42.147
16,383,0.24918,42.094
16,384,0.25433,42.411
16,385,0.24433,42.132
16,386,0.249,42.28
16,387,0.25241,42.307
16,388,0.25101,42.45
16,389,0.25212,42.062
16,390,0.26032,42.842
16,391,0.25957,42.64
16,392,0.26742,42.89
16,393,0.26404,42.411
16,394,0.25864,42.42
16,395,0.27439,42.704
16,396,0.2747,42.748
16,397,0.27457,43.076
16,398,0.27378,42.945
16,399,0.27704,43.147
16,400,0.28195,43.159
16,401,0.28957,43.501
16,402,0.28292,43.159
16,403,0.28775,43.332
16,404,0.30055,43.761
16,405,0.28472,43.12
16,406,0.28757,43.245
16,407,0.28981,43.202
16,408,0.29415,43.579
16,409,0.30274,43.811
16,410,0.30485,43.533
16,411,0.30987,44.342
16,412,0.31202,43.934
16,413,0.30727,43.7
16,414,0.31741,44.39
16,415,0.31929,44.39
16,416,0.32374,44.46
16,417,0.32097,44.313
16,418,0.32292,44.339
16,419,0.33038,44.887
16,420,0.32658,44.538
16,421,0.34054,44.997
16,422,0.34076,44.97
16,423,0.34547,44.771
16,424,0.3376,44.759
16,425,0.33739,45.001
16,426,0.35384,45.144
16,427,0.35042,45.117
16,428,0.35508,45.292
16,429,0.36011,45.378
16,430,0.36467,45.634
16,431,0.36153,45.721
16,432,0.36161,45.438
16,433,0.37402,45.671
16,434,0.37453,45.939
16,435,0.37302,45.772
16,436,0.37903,45.851
16,437,0.39209,46.187
16,438,0.39016,46.205
16,439,0.38507,46.157
16,440,0.39533,46.617
16,441,0.40233,47.225
16,442,0.40046,46.449
16,443,0.40467,46.651
16,444,0.41,46.599
16,445,0.41924,47.297
16,446,0.40653,46.616
16,447,0.42006,47.385
16,448,0.41527,47.154
16,449,0.41617,47.019
16,450,0.43204,47.386
16,451,0.42522,47.328
16,452,0.43253,47.637
16,453,0.43513,47.432
16,454,0.43435,47.598
16,455,0.44559,47.652
16,456,0.45084,48.247
16,457,0.45307,48.16
16,458,0.45893,48.035
16,459,0.47,48.502
16,460,0.36837,34.02584627876191
16,461,0.4692,48.695
16,462,0.47478,48.452
16,463,0.47655,48.664
16,464,0.48016,48.63
16,465,0.49067,49.516
16,466,0.49427,49.554
16,467,0.49321,49.142
16,468,0.49575,49.471
16,469,0.50408,49.569
16,470,0.5127,49.915
16,471,0.50856,49.577
16,472,0.51907,50.227
16,473,0.52302,50.512
16,474,0.53186,50.477
16,475,0.52652,49.972
16,476,0.53292,50.57
16,477,0.54641,50.894
16,478,0.54845,50.821
16,479,0.55099,51.108
16,480,0.54534,50.697
16,481,0.56186,51.313
16,482,0.55813,50.664
16,483,0.56634,51.374
16,484,0.56921,51.5
16,485,0.57975,51.911
16,486,0.57333,51.328
16,487,0.58661,52.09
16,488,0.59491,52.31
16,489,0.59659,52.199
16,490,0.60042,52.529
16,491,0.60491,52.675
16,492,0.61474,52.781
16,493,0.61664,52.574
16,494,0.62208,52.937
16,495,0.62065,52.922
16,496,0.63933,53.616
16,497,0.6392,53.508
16,498,0.64457,53.684
16,499,0.65861,54.255
16,500,0.66024,54.01
16,501,0.66692,53.964
16,502,0.66872,54.471
16,503,0.67856,54.773
16,504,0.68269,54.72
16,505,0.68964,54.77
16,506,0.69014,54.987
16,507,0.60029,43.749791612202955
16,508,0.70755,55.634
16,509,0.71162,56.072
16,510,0.71545,55.636
16,511,0.7229,55.909
16,512,0.72953,55.835
16,513,0.73508,56.257
16,514,0.74866,57.111
16,515,0.75563,56.717
16,516,0.75411,56.796
16,517,0.77069,57.275
16,518,0.76496,57.042
16,519,0.78008,57.718
16,520,0.78309,57.804
16,521,0.7817,57.648
16,522,0.8012,58.026
16,523,0.80145,57.826
16,524,0.81825,58.542
16,525,0.82001,58.858
16,526,0.83232,59.063
16,527,0.8314,59.102
16,528,0.84605,59.458
16,529,0.84452,59.139
16,530,0.85095,59.807
16,531,0.86211,59.836
16,532,0.86816,60.149
16,533,0.87776,60.356
16,534,0.89188,61.127
16,535,0.88788,60.769
16,536,0.89913,60.98
16,537,0.91145,61.344
16,538,0.91919,61.746
16,539,0.92758,61.725
16,540,0.93208,61.697
16,541,0.93946,62.591
16,542,0.94806,62.209
16,543,0.96093,62.798
16,544,0.96738,63.289
16,545,0.97894,63.236
16,546,0.9837,63.38
16,547,0.99764,63.822
16,548,0.99578,63.82
16,549,1.00571,64.554
17,0,0.05175,35.515
17,1,0.05064,35.594
17,2,0.04956,35.366
17,3,0.05759,36.001
17,4,0.0,28.660831855533253
17,5,0.05349,35.488
17,6,0.05255,35.434
17,7,0.0478,35.161
17,8,0.05368,35.687
17,9,0.05088,35.487
17,10,0.04481,35.45
17,11,0.05091,35.754
17,12,0.0528,35.77
17,13,0.05223,35.649
17,14,0.05602,35.684
17,15,0.05423,35.582
17,16,0.05186,35.921
17,17,0.05499,35.584
17,18,0.05416,35.412
17,19,0.05163,35.405
17,20,0.05436,35.637
17,21,0.05374,35.811
17,22,0.05081,35.487
17,23,0.05254,35.45
17,24,0.05269,35.634
17,25,0.0537,35.739
17,26,0.04642,35.188
17,27,0.04821,35.515
17,28,0.05179,35.146
17,29,0.06076,35.461
17,30,0.05315,35.752
17,31,0.0502,35.682
17,32,0.04909,35.556
17,33,0.04445,35.623
17,34,0.05323,35.323
17,35,0.05579,36.042
17,36,0.04962,35.495
17,37,0.05132,35.432
17,38,0.04993,35.417
17,39,0.05112,35.509
17,40,0.05182,35.753
17,41,0.05628,35.423
17,42,0.05127,35.835
17,43,0.05488,35.756
17,44,0.05472,35.632
17,45,0.05365,35.573
17,46,0.0573,35.68
17,47,0.05348,35.796
17,48,0.05268,35.611
17,49,0.05262,35.606
17,50,0.05281,35.522
17,51,0.05134,35.552
17,52,0.0583,35.913
17,53,0.04797,35.404
17,54,0.0,22.97235057132427
17,55,0.05551,35.688
17,56,0.06257,35.844
17,57,0.05143,35.415
17,58,0.0528,35.747
17,59,0.05749,36.35
17,60,0.04991,35.563
17,61,0.05206,35.678
17,62,0.0604,36.021
17,63,0.0501,35.688
17,64,0.04655,34.973
17,65,0.05407,35.788
17,66,0.05653,36.118
17,67,0.05565,35.69
17,68,0.0599,35.759
17,69,0.0569,35.837
17,70,0.05153,35.67
17,71,0.06423,36.186
17,72,0.05221,36.08
17,73,0.0584,35.876
17,74,0.05533,35.839
17,75,0.05624,35.732
17,76,0.05534,35.897
17,77,0.0594,35.79
17,78,0.04995,35.554
17,79,0.05323,35.547
17,80,0.05568,35.5
17,81,0.04982,35.602
17,82,0.05645,35.732
17,83,0.05847,35.661
17,84,0.05784,36.042
17,85,0.05557,36.089
17,86,0.05687,35.576
17,87,0.06016,35.819
17,88,0.06105,35.95
17,89,0.05562,36.015
17,90,0.05502,35.26
17,91,0.06063,35.925
17,92,0.06233,35.728
17,93,0.0563,35.658
17,94,0.06111,35.999
17,95,0.05833,35.833
17,96,0.05296,35.787
17,97,0.06081,36.318
17,98,0.05963,35.953
17,99,0.05975,35.69
17,100,0.06294,35.91
17,101,0.05726,35.731
17,102,0.05787,35.678
17,103,0.05909,35.791
17,104,0.05761,35.866
17,105,0.05874,35.69
17,106,0.05548,35.726
17,107,0.05565,35.548
17,108,0.05552,35.759
17,109,0.06362,36.011
17,110,0.0625,35.895
17,111,0.05963,36.157
17,112,0.06248,36.096
17,113,0.05822,35.785
17,114,0.06101,35.745
17,115,0.05005,35.629
17,116,0.06346,35.948
17,117,0.05734,35.694
17,118,0.05173,35.532
17,119,0.05549,35.567
17,120,0.05541,35.448
17,121,0.05617,35.853
17,122,0.05827,35.565
17,123,0.06345,35.962
17,124,0.0511,35.779
17,125,0.06096,36.019
17,126,0.0599,36.155
17,127,0.05939,35.292
17,128,0.05749,35.865
17,129,0.06181,35.865
17,130,0.15736,41.321351802373194
17,131,0.06138,35.872
17,132,0.06372,35.981
17,133,0.06069,35.656
17,134,0.06727,36.443
17,135,0.06894,36.235
17,136,0.0554,35.345
17,137,0.06005,35.827
17,138,0.062,35.933
17,139,0.05695,36.07
17,140,0.06868,35.825
17,141,0.05536,35.685
17,142,0.068,36.061
17,143,0.06414,35.868
17,144,0.06383,36.136
17,145,0.06504,36.097
17,146,0.05689,36.175
17,147,0.05709,35.784
17,148,0.06325,35.909
17,149,0.06748,35.911
17,150,0.06243,35.678
17,151,0.0688,36.144
17,152,0.06702,36.202
17,153,0.0726,36.564
17,154,0.06609,36.044
17,155,0.06283,36.068
17,156,0.06796,35.921
17,157,0.06817,36.274
17,158,0.06098,35.903
17,159,0.06537,35.991
17,160,0.062,35.529
17,161,0.06296,35.743
17,162,0.06757,36.129
17,163,0.06758,35.776
17,164,0.06203,35.772
17,165,0.06678,35.966
17,166,0.06812,36.266
17,167,0.06306,35.733
17,168,0.06779,36.045
17,169,0.07041,36.139
17,170,0.07458,35.94
17,171,0.07117,36.199
17,172,0.06239,35.492
17,173,0.0637,36.186
17,174,0.07278,36.18
17,175,0.06715,35.872
17,176,0.06805,35.974
17,177,0.07584,36.047
17,178,0.07078,36.499
17,179,0.07251,35.973
17,180,0.06345,35.991
17,181,0.07044,36.385
17,182,0.07224,36.093
17,183,0.06805,35.808
17,184,0.071,35.873
17,185,0.07434,36.369
17,186,0.07315,35.952
17,187,0.07054,36.063
17,188,0.07178,36.283
17,189,0.06954,36.017
17,190,0.07455,36.031
17,191,0.06907,36.1
17,192,0.07589,36.102
17,193,0.17969000000000002,43.263327427760444
17,194,0.07897,36.624
17,195,0.06729,35.721
17,196,0.07614,36.227
17,197,0.06947,36.473
17,198,0.06898,35.951
17,199,0.07157,35.611
17,200,0.07462,36.077
17,201,0.07775,36.538
17,202,0.0757,36.339
17,203,0.07569,36.15
17,204,0.07284,36.472
17,205,0.0785,36.412
17,206,0.17823,50.49784165395521
17,207,0.07684,36.442
17,208,0.06808,36.251
17,209,0.07999,36.258
17,210,0.0,26.303909411976672
17,211,0.07863,36.382
17,212,0.07626,36.31
17,213,0.18012,43.95801880939314
17,214,0.08208,36.392
17,215,0.08243,36.613
17,216,0.07694,36.31
17,217,0.07888,36.703
17,218,0.07471,36.174
17,219,0.07324,36.244
17,220,0.07739,36.238
17,221,0.08613,36.426
17,222,0.0,22.857924889127744
17,223,0.07924,36.946
17,224,0.0742,36.376
17,225,0.09117,36.952
17,226,0.08198,36.237
17,227,0.08734,36.813
17,228,0.07633,36.244
17,229,0.07796,35.783
17,230,0.07821,36.384
17,231,0.08579,36.517
17,232,0.08931,36.889
17,233,0.08366,36.469
17,234,0.08605,36.585
17,235,0.07917,36.331
17,236,0.0879,36.905
17,237,0.08944,36.753
17,238,0.09179,36.839
17,239,0.08598,36.882
17,240,0.08959,36.951
17,241,0.08233,36.309
17,242,0.0842,36.572
17,243,0.09515,36.623
17,244,0.09186,36.516
17,245,0.0971,36.588
17,246,0.09199,36.936
17,247,0.09191,36.582
17,248,0.08561,36.83
17,249,0.09443,37.038
17,250,0.19527,49.57066192076812
17,251,0.0848,36.418
17,252,0.08957,36.573
17,253,0.09302,37.013
17,254,0.09116,36.573
17,255,0.09602,36.82
17,256,0.09364,36.741
17,257,0.09501,36.644
17,258,0.097,36.898
17,259,0.09148,36.852
17,260,0.09193,36.614
17,261,0.09065,36.381
17,262,0.09805,37.168
17,263,0.09458,36.675
17,264,0.08961,36.257
17,265,0.10024,36.603
17,266,0.09324,36.853
17,267,0.09866,37.017
17,268,0.09881,36.886
17,269,0.09473,36.712
17,270,0.09863,36.574
17,271,0.09714,36.834
17,272,0.09804,36.866
17,273,0.10399,37.265
17,274,0.10788,36.917
17,275,0.10067,37.256
17,276,0.0959,36.638
17,277,0.10096,37.428
17,278,0.10006,37.21
17,279,0.10439,36.889
17,280,0.11626,37.499
17,281,0.10712,37.304
17,282,0.108,37.653
17,283,0.11388,37.206
17,284,0.11539,37.295
17,285,0.009179999999999994,27.65213810877403
17,286,0.11262,37.294
17,287,0.10447,37.358
17,288,0.1154,37.73
17,289,0.10417,37.426
17,290,0.10966,37.68
17,291,0.11398,37.445
17,292,0.11213,37.339
17,293,0.11,37.066
17,294,0.1119,37.573
17,295,0.1084,37.502
17,296,0.11521,37.586
17,297,0.11862,37.714
17,298,0.11603,37.464
17,299,0.12018,37.365
17,300,0.11249,37.259
17,301,0.1191,37.927
17,302,0.11882,37.934
17,303,0.12138,37.517
17,304,0.1246,37.653
17,305,0.12171,37.351
17,306,0.11538,37.546
17,307,0.12655,38.147
17,308,0.11962,37.85
17,309,0.12884,37.725
17,310,0.12987,38.042
17,311,0.12963,38.28
17,312,0.13022,37.436
17,313,0.12787,37.482
17,314,0.12795,37.817
17,315,0.12578,37.53
17,316,0.12677,37.696
17,317,0.12916,37.854
17,318,0.13282,37.876
17,319,0.1364,38.034
17,320,0.13579,37.963
17,321,0.14389,38.351
17,322,0.14028,38.015
17,323,0.13279,37.887
17,324,0.14531,38.256
17,325,0.13298,38.203
17,326,0.13737,38.026
17,327,0.13556,38.115
17,328,0.14313,38.394
17,329,0.13785,37.886
17,330,0.12458,37.512
17,331,0.14007,38.136
17,332,0.14139,38.746
17,333,0.14536,38.053
17,334,0.14694,38.424
17,335,0.14106,38.234
17,336,0.14833,38.591
17,337,0.14006,38.277
17,338,0.15377,38.921
17,339,0.1442,38.238
17,340,0.14989,38.566
17,341,0.15043,38.303
17,342,0.15296,38.452
17,343,0.15535,38.427
17,344,0.15004,38.698
17,345,0.16425,39.21
17,346,0.15592,38.816
17,347,0.054519999999999985,32.78328189404315
17,348,0.15599,38.858
17,349,0.16389,39.25
17,350,0.15957,39.026
17,351,0.16361,38.842
17,352,0.16404,39.179
17,353,0.16328,38.801
17,354,0.15667,38.597
17,355,0.16713,38.776
17,356,0.16319,38.445
17,357,0.16605,39.182
17,358,0.16363,38.985
17,359,0.17426,39.625
17,360,0.17609,39.378
17,361,0.17462,39.145
17,362,0.17777,39.485
17,363,0.17628,39.451
17,364,0.18837,39.556
17,365,0.17849,39.238
17,366,0.1799,39.542
17,367,0.18099,39.366
17,368,0.18093,39.425
17,369,0.18122,39.09
17,370,0.18635,39.879
17,371,0.18473,39.228
17,372,0.29489,48.81997112296005
17,373,0.19236,39.511
17,374,0.18999,39.869
17,375,0.19186,39.671
17,376,0.18678,39.653
17,377,0.191,39.841
17,378,0.19638,39.831
17,379,0.2001,39.955
17,380,0.20533,40.343
17,381,0.19505,39.7
17,382,0.20475,39.826
17,383,0.19663,39.628
17,384,0.20395,39.178
17,385,0.20147,39.564
17,386,0.21206,40.411
17,387,0.21014,40.19
17,388,0.21277,40.046
17,389,0.21719,40.392
17,390,0.21744,40.556
17,391,0.21753,40.446
17,392,0.21797,40.383
17,393,0.2206,40.513
17,394,0.21838,40.53
17,395,0.22313,40.787
17,396,0.21646,40.359
17,397,0.22252,40.423
17,398,0.22938,40.438
17,399,0.22942,40.732
17,400,0.22645,40.672
17,401,0.22938,41.165
17,402,0.23903,41.017
17,403,0.23431,40.968
17,404,0.24094,41.11
17,405,0.23566,40.864
17,406,0.2419,41.144
17,407,0.24473,41.314
17,408,0.25075,41.544
17,409,0.24966,41.059
17,410,0.25399,41.599
17,411,0.25018,41.331
17,412,0.25345,41.332
17,413,0.24819,41.045
17,414,0.25357,41.03
17,415,0.25479,41.686
17,416,0.26324,41.508
17,417,0.26062,41.872
17,418,0.27029,41.92
17,419,0.27229,41.81
17,420,0.27064,41.621
17,421,0.27043,41.915
17,422,0.26733,41.939
17,423,0.27931,42.368
17,424,0.28783,42.495
17,425,0.28049,41.879
17,426,0.18458,31.630756337312583
17,427,0.27987,42.134
17,428,0.28765,42.513
17,429,0.29337,42.464
17,430,0.29311,42.679
17,431,0.29395,42.504
17,432,0.29993,42.726
17,433,0.29472,42.885
17,434,0.29761,42.675
17,435,0.30572,43.019
17,436,0.30761,42.394
17,437,0.30664,43.014
17,438,0.31156,43.199
17,439,0.31866,43.403
17,440,0.31425,43.067
17,441,0.32632,43.487
17,442,0.32206,43.502
17,443,0.33006,43.45
17,444,0.32583,43.188
17,445,0.32935,43.724
17,446,0.33183,44.034
17,447,0.33653,43.797
17,448,0.33747,43.572
17,449,0.34135,44.028
17,450,0.3441,44.082
17,451,0.34477,43.806
17,452,0.34995,44.249
17,453,0.35265,44.323
17,454,0.3594,44.632
17,455,0.36273,44.774
17,456,0.36432,44.69
17,457,0.37316,45.031
17,458,0.3651,44.269
17,459,0.47064000000000006,55.118535549684545
17,460,0.37859,44.781
17,461,0.38086,45.323
17,462,0.38359,45.258
17,463,0.38387,45.091
17,464,0.39082,45.501
17,465,0.38968,45.859
17,466,0.38829,45.264
17,467,0.39461,45.57
17,468,0.39331,45.71
17,469,0.40857,45.95
17,470,0.40678,45.988
17,471,0.41284,46.21
17,472,0.41458,46.033
17,473,0.42295,46.438
17,474,0.42155,46.345
17,475,0.42664,46.511
17,476,0.43466,46.579
17,477,0.43072,46.59
17,478,0.4349,46.474
17,479,0.44481,46.885
17,480,0.43719,46.892
17,481,0.44677,47.114
17,482,0.45676,47.325
17,483,0.44823,46.648
17,484,0.45766,47.301
17,485,0.46916,47.703
17,486,0.47889,47.627
17,487,0.473,47.666
17,488,0.47759,48.238
17,489,0.48808,48.202
17,490,0.48848,48.246
17,491,0.48499,48.105
17,492,0.49157,48.279
17,493,0.49453,48.408
17,494,0.50354,48.778
17,495,0.50798,49.092
17,496,0.51998,49.03
17,497,0.5196,49.523
17,498,0.52426,49.378
17,499,0.51759,48.931
17,500,0.52788,49.617
17,501,0.53129,49.421
17,502,0.54231,49.601
17,503,0.54485,49.859
17,504,0.55207,50.169
17,505,0.55595,50.189
17,506,0.55166,50.053
17,507,0.56355,50.522
17,508,0.56666,50.467
17,509,0.57371,50.52
17,510,0.57392,50.745
17,511,0.58773,50.942
17,512,0.58805,51.242
17,513,0.5979,51.406
17,514,0.60117,51.561
17,515,0.60773,51.429
17,516,0.61798,51.994
17,517,0.6187,51.808
17,518,0.62057,52.09
17,519,0.61968,51.808
17,520,0.62964,52.02
17,521,0.63866,52.521
17,522,0.64967,52.63
17,523,0.65072,52.709
17,524,0.64878,52.946
17,525,0.66425,53.385
17,526,0.66228,53.235
17,527,0.67597,53.803
17,528,0.68218,53.985
17,529,0.69009,54.042
17,530,0.69403,54.334
17,531,0.69987,54.543
17,532,0.70814,54.415
17,533,0.70581,54.478
17,534,0.71277,54.692
17,535,0.72399,55.259
17,536,0.73262,55.444
17,537,0.73529,55.631
17,538,0.74754,55.764
17,539,0.74352,55.798
17,540,0.76468,56.175
17,541,0.76463,56.068
17,542,0.76495,56.069
17,543,0.78516,56.98
17,544,0.78255,56.573
17,545,0.80136,57.028
17,546,0.79722,57.026
17,547,0.80197,57.142
17,548,0.81271,57.379
17,549,0.82758,57.755
17,550,0.82924,57.861
17,551,0.83659,58.064
17,552,0.84542,58.567
17,553,0.85849,58.763
17,554,0.86719,58.97
17,555,0.86768,59.499
17,556,0.88824,60.076
17,557,0.88381,59.714
17,558,0.89558,60.02
17,559,0.89705,60.04
17,560,0.90736,60.097
17,561,0.91653,60.618
17,562,0.93025,60.901
17,563,0.93449,61.234
17,564,0.94372,61.416
17,565,0.95247,61.633
17,566,0.95665,61.738
17,567,0.97557,62.293
17,568,0.97551,62.553
17,569,0.99079,62.852
17,570,1.00002,62.74
18,0,0.05021,31.797
18,1,0.04616,31.421
18,2,0.06049,31.956
18,3,0.05217,31.473
18,4,0.04352,31.334
18,5,0.05683,31.902
18,6,0.05365,31.903
18,7,0.04908,31.917
18,8,0.0491,31.921
18,9,0.05359,31.396
18,10,0.04903,31.281
18,11,0.05688,31.832
18,12,0.04351,31.573
18,13,0.05049,31.378
18,14,0.05956,31.926
18,15,0.05189,31.631
18,16,0.04724,31.332
18,17,0.05865,31.787
18,18,0.05383,31.351
18,19,0.04871,31.752
18,20,0.05573,32.158
18,21,0.05984,31.866
18,22,0.0566,31.767
18,23,0.06319,32.227
18,24,0.0559,31.852
18,25,0.06127,32.064
18,26,0.06199,31.528
18,27,0.05788,31.759
18,28,0.06334,32.31
18,29,0.05673,32.14
18,30,0.06402,32.033
18,31,0.0,18.012741116831528
18,32,0.05663,32.004
18,33,0.05638,31.841
18,34,0.06375,32.015
18,35,0.05165,31.778
18,36,0.05597,31.987
18,37,0.06188,32.258
18,38,0.06306,32.212
18,39,0.0571,32.003
18,40,0.06801,31.981
18,41,0.06769,32.001
18,42,0.05745,31.911
18,43,0.0641,32.202
18,44,0.05777,31.946
18,45,0.05926,31.6
18,46,0.05869,31.733
18,47,0.06489,32.271
18,48,0.05733,31.919
18,49,0.05893,32.015
18,50,0.06158,31.746
18,51,0.06771,31.994
18,52,0.06369,31.566
18,53,0.0692,32.313
18,54,0.06589,31.76
18,55,0.07118,32.066
18,56,0.06501,32.506
18,57,0.06451,32.179
18,58,0.07007,32.249
18,59,0.06946,32.231
18,60,0.06994,32.158
18,61,0.07543,32.045
18,62,0.07401,32.436
18,63,0.07327,32.476
18,64,0.07067,31.813
18,65,0.07133,32.005
18,66,0.06928,31.903
18,67,0.07089,32.073
18,68,0.0639,32.155
18,69,0.08291,32.618
18,70,0.07385,32.256
18,71,0.07363,32.28
18,72,0.0,21.626982537466297
18,73,0.08337,32.211
18,74,0.0802,32.408
18,75,0.08562,32.634
18,76,0.07729,32.305
18,77,0.07962,32.185
18,78,0.07713,31.993
18,79,0.07726,32.372
18,80,0.08292,32.101
18,81,0.08196,32.585
18,82,0.08265,32.364
18,83,0.08247,32.378
18,84,0.0824,32.519
18,85,0.09503,32.655
18,86,0.08539,32.549
18,87,0.08479,32.764
18,88,0.07896,32.291
18,89,0.09263,32.685
18,90,0.08701,32.689
18,91,0.0,20.349114584287815
18,92,0.08901,32.743
18,93,0.0916,32.866
18,94,0.10015,32.413
18,95,0.09569,32.474
18,96,0.10606,32.99
18,97,0.10035,32.932
18,98,0.09524,32.625
18,99,0.10591,33.271
18,100,0.10848,33.156
18,101,0.10301,32.953
18,102,0.10189,32.77
18,103,0.10458,32.889
18,104,0.10724,33.148
18,105,0.10787,33.465
18,106,0.10784,33.28
18,107,0.1175,33.635
18,108,0.11523,33.255
18,109,0.11289,32.993
18,110,0.11534,33.374
18,111,0.11485,33.512
18,112,0.11135,33.545
18,113,0.12125,33.455
18,114,0.11854,33.497
18,115,0.12674,33.629
18,116,0.12278,33.511
18,117,0.13091,33.64
18,118,0.12527,33.864
18,119,0.12762,33.858
18,120,0.12506,33.525
18,121,0.13635,33.717
18,122,0.13155,33.782
18,123,0.12997,33.607
18,124,0.13619,33.857
18,125,0.1427,34.321
18,126,0.13604,33.866
18,127,0.14408,34.351
18,128,0.14621,34.16
18,129,0.14799,34.282
18,130,0.14365,34.076
18,131,0.15527,34.29
18,132,0.15206,34.202
18,133,0.14445,34.061
18,134,0.15711,34.276
18,135,0.15352,34.111
18,136,0.16348,34.934
18,137,0.16828,34.393
18,138,0.16855,34.536
18,139,0.16522,34.492
18,140,0.17284,34.969
18,141,0.17214,34.743
18,142,0.17696,34.995
18,143,0.28243,42.47074761504203
18,144,0.18047,34.757
18,145,0.18291,34.987
18,146,0.1857,34.943
18,147,0.18276,34.61
18,148,0.19107,35.153
18,149,0.19184,35.523
18,150,0.1941,35.6
18,151,0.20709,35.255
18,152,0.20408,35.489
18,153,0.19525,35.056
18,154,0.21323,36.205
18,155,0.21705,35.963
18,156,0.21672,36.226
18,157,0.22884,36.08
18,158,0.21575,35.445
18,159,0.23261,36.283
18,160,0.2317,35.911
18,161,0.23166,36.21
18,162,0.2393,36.382
18,163,0.23818,36.277
18,164,0.2511,36.81
18,165,0.25273,36.623
18,166,0.24255,36.44
18,167,0.25508,36.932
18,168,0.27594,37.53
18,169,0.27808,37.559
18,170,0.26904,37.286
18,171,0.28319,37.941
18,172,0.27837,37.504
18,173,0.27964,37.65
18,174,0.29636,37.917
18,175,0.29235,37.879
18,176,0.30166,38.06
18,177,0.30577,38.113
18,178,0.31421,38.509
18,179,0.31157,38.092
18,180,0.31985,38.652
18,181,0.32694,38.556
18,182,0.33298,38.771
18,183,0.34116,39.111
18,184,0.34218,39.117
18,185,0.35462,39.272
18,186,0.35701,39.433
18,187,0.36327,39.475
18,188,0.36828,39.954
18,189,0.37049,39.523
18,190,0.3756,39.684
18,191,0.3898,39.997
18,192,0.39301,40.483
18,193,0.40279,40.53
18,194,0.40894,40.785
18,195,0.41447,40.862
18,196,0.43165,41.501
18,197,0.4401,41.454
18,198,0.43747,41.22
18,199,0.44234,41.991
18,200,0.45142,42.225
18,201,0.45662,41.762
18,202,0.46847,42.26
18,203,0.48193,42.704
18,204,0.48514,42.669
18,205,0.49426,42.744
18,206,0.5009,43.301
18,207,0.50622,43.554
18,208,0.52142,43.461
18,209,0.53519,44.262
18,210,0.54633,44.348
18,211,0.55603,44.15
18,212,0.5596,44.401
18,213,0.5768,44.943
18,214,0.58569,45.352
18,215,0.58947,45.223
18,216,0.60891,45.679
18,217,0.61527,45.839
18,218,0.62476,46.227
18,219,0.63435,46.287
18,220,0.65032,46.715
18,221,0.65786,46.887
18,222,0.67295,47.646
18,223,0.69169,47.787
18,224,0.7069,48.118
18,225,0.71552,48.393
18,226,0.72085,48.523
18,227,0.73752,49.211
18,228,0.75407,49.326
18,229,0.76136,49.516
18,230,0.77908,50.107
18,231,0.79021,50.485
18,232,0.81783,51.03
18,233,0.8221,51.351
18,234,0.83695,51.75
18,235,0.85197,52.363
18,236,0.87218,52.385
18,237,0.88472,52.724
18,238,0.90916,53.193
18,239,0.91792,53.557
18,240,0.93778,54.118
18,241,0.94947,54.389
18,242,0.97297,54.939
18,243,0.99441,55.792
18,244,1.00999,56.05
19,0,0.07952,33.739
19,1,0.08226,33.532
19,2,0.07934,33.64
19,3,0.08003,33.503
19,4,0.08634,33.939
19,5,0.08015,33.554
19,6,0.07659,33.654
19,7,0.0781,33.636
19,8,0.07247,33.371
19,9,0.07971,33.841
19,10,0.07653,33.275
19,11,0.08207,33.69
19,12,0.07348,33.166
19,13,0.07786,33.587
19,14,0.08608,33.581
19,15,0.08276,33.327
19,16,0.08213,34.006
19,17,0.08133,33.552
19,18,0.08578,33.86
19,19,0.08155,33.487
19,20,0.08247,33.576
19,21,0.08235,33.719
19,22,0.08553,33.669
19,23,0.08068,33.83
19,24,0.08043,33.66
19,25,0.07983,33.618
19,26,0.08424,34.121
19,27,0.07493,33.282
19,28,0.08118,33.692
19,29,0.18097000000000002,43.32476472424078
19,30,0.07701,33.462
19,31,0.0853,33.798
19,32,0.08484,33.527
19,33,0.08801,33.731
19,34,0.08424,33.729
19,35,0.08028,33.747
19,36,0.08495,34.308
19,37,0.08521,33.902
19,38,0.08734,33.934
19,39,0.08272,33.783
19,40,0.08641,34.083
19,41,0.07706,33.207
19,42,0.08861,33.698
19,43,0.0767,33.226
19,44,0.09066,34.081
19,45,0.08039,33.513
19,46,0.08391,33.918
19,47,0.08264,33.559
19,48,0.08848,33.849
19,49,0.0833,33.85
19,50,0.07565,33.647
19,51,0.0,20.550231891734885
19,52,0.07669,33.463
19,53,0.08532,33.836
19,54,0.09154,33.963
19,55,0.07926,33.587
19,56,0.0798,33.614
19,57,0.09077,34.0
19,58,0.0824,33.829
19,59,0.08231,33.156
19,60,0.08064,33.761
19,61,0.08881,34.205
19,62,0.08724,34.094
19,63,0.08855,34.043
19,64,0.09059,34.001
19,65,0.09064,33.765
19,66,0.07679,33.709
19,67,0.08816,33.671
19,68,0.08177,33.722
19,69,0.08986,33.99
19,70,0.08308,33.568
19,71,0.09,33.904
19,72,0.09174,33.866
19,73,0.09063,33.897
19,74,0.08496,33.957
19,75,0.08406,33.765
19,76,0.08893,33.84
19,77,0.09236,34.06
19,78,0.0904,33.913
19,79,0.0962,34.329
19,80,0.09265,34.103
19,81,0.08676,33.804
19,82,0.09191,34.145
19,83,0.09313,34.08
19,84,0.09777,34.046
19,85,0.09403,34.163
19,86,0.09196,34.032
19,87,0.09224,33.801
19,88,0.09222,34.092
19,89,0.09212,33.571
19,90,0.08471,33.602
19,91,0.09083,33.756
19,92,0.09409,34.225
19,93,0.09707,34.124
19,94,0.09631,33.926
19,95,0.0916,33.694
19,96,0.09727,34.454
19,97,0.09129,33.486
19,98,0.08911,33.739
19,99,0.08788,33.634
19,100,0.09426,34.122
19,101,0.08544,33.676
19,102,0.09411,33.773
19,103,0.09517,33.988
19,104,0.09269,33.78
19,105,0.09585,33.875
19,106,0.0881,33.85
19,107,0.09036,33.569
19,108,0.09611,34.001
19,109,0.09242,33.993
19,110,0.09787,34.123
19,111,0.09728,33.74
19,112,0.10194,34.283
19,113,0.09327,33.964
19,114,0.09809,34.073
19,115,0.10486,33.851
19,116,0.0921,33.479
19,117,0.09864,34.202
19,118,0.10009,34.07
19,119,0.0005999999999999894,23.94603308805155
19,120,0.10227,34.4
19,121,0.09592,33.972
19,122,0.09949,34.398
19,123,0.09708,34.276
19,124,0.09482,34.252
19,125,0.10445,34.199
19,126,0.10507,34.145
19,127,0.09808,34.421
19,128,0.09998,34.26
19,129,0.10696,34.451
19,130,0.1053,34.386
19,131,0.10752,34.366
19,132,0.10352,33.935
19,133,0.10535,34.457
19,134,0.10008,34.081
19,135,0.10659,34.583
19,136,0.10067,34.3
19,137,0.1043,34.092
19,138,0.10248,34.053
19,139,0.10858,34.282
19,140,0.10988,34.134
19,141,0.11025,34.454
19,142,0.10189,34.471
19,143,0.10973,34.508
19,144,0.11346,34.636
19,145,0.1088,34.478
19,146,0.10254,34.264
19,147,0.11719,34.391
19,148,0.11441,34.819
19,149,0.114,34.66
19,150,0.10547,34.067
19,151,0.11797,34.741
19,152,0.11475,34.42
19,153,0.11443,34.813
19,154,0.11342,34.581
19,155,0.11705,34.394
19,156,0.11255,34.726
19,157,0.11774,34.407
19,158,0.11477,34.276
19,159,0.12085,34.566
19,160,0.11621,34.675
19,161,0.11103,34.378
19,162,0.11829,34.499
19,163,0.11674,34.378
19,164,0.12067,34.41
19,165,0.1208,34.505
19,166,0.11884,34.609
19,167,0.11942,34.836
19,168,0.1215,34.841
19,169,0.21966000000000002,48.89503084908953
19,170,0.11671,34.421
19,171,0.1231,34.685
19,172,0.1275,34.898
19,173,0.12994,34.653
19,174,0.12622,34.543
19,175,0.12846,35.157
19,176,0.12273,34.798
19,177,0.13244,34.711
19,178,0.13072,34.777
19,179,0.12924,34.736
19,180,0.12958,35.053
19,181,0.13093,34.734
19,182,0.1323,34.462
19,183,0.12954,35.071
19,184,0.13303,34.808
19,185,0.13511,35.1
19,186,0.14056,34.991
19,187,0.13436,34.89
19,188,0.14103,35.103
19,189,0.14643,35.187
19,190,0.14569,35.023
19,191,0.13396,34.905
19,192,0.14496,35.089
19,193,0.13884,35.245
19,194,0.14505,35.028
19,195,0.13975,35.228
19,196,0.13757,35.226
19,197,0.14781,34.796
19,198,0.14608,34.815
19,199,0.14217,35.018
19,200,0.14292,35.58
19,201,0.15245,35.635
19,202,0.14945,35.297
19,203,0.15737,35.564
19,204,0.15455,35.228
19,205,0.1495,35.344
19,206,0.15573,35.239
19,207,0.15677,35.218
19,208,0.1565,35.169
19,209,0.16288,35.544
19,210,0.15593,35.214
19,211,0.054889999999999994,20.63303315431454
19,212,0.16505,35.838
19,213,0.1678,36.072
19,214,0.16725,35.609
19,215,0.16532,35.213
19,216,0.16843,35.767
19,217,0.17351,35.708
19,218,0.17046,35.585
19,219,0.16925,35.43
19,220,0.17642,36.136
19,221,0.17043,35.837
19,222,0.17381,35.742
19,223,0.17551,35.816
19,224,0.18032,35.975
19,225,0.18736,36.168
19,226,0.17966,36.108
19,227,0.184,36.12
19,228,0.18413,36.144
19,229,0.18047,35.811
19,230,0.18787,36.499
19,231,0.18007,35.725
19,232,0.18236,36.221
19,233,0.19313,36.124
19,234,0.2001,36.406
19,235,0.19862,36.61
19,236,0.19067,36.178
19,237,0.19266,36.039
19,238,0.1968,36.166
19,239,0.19881,36.84
19,240,0.20401,36.464
19,241,0.20041,36.411
19,242,0.21301,36.57
19,243,0.20651,36.728
19,244,0.21319,36.725
19,245,0.20631,36.688
19,246,0.21728,36.834
19,247,0.21055,36.752
19,248,0.20933,36.657
19,249,0.22248,37.186
19,250,0.21916,37.264
19,251,0.22937,37.306
19,252,0.21788,36.526
19,253,0.23133,37.268
19,254,0.23442,37.024
19,255,0.22934,37.378
19,256,0.2292,37.372
19,257,0.23379,37.283
19,258,0.23174,37.279
19,259,0.24747,37.677
19,260,0.23778,37.65
19,261,0.24019,37.772
19,262,0.24045,37.489
19,263,0.25401,37.58
19,264,0.25062,37.905
19,265,0.24368,37.695
19,266,0.25479,38.06
19,267,0.25432,37.483
19,268,0.25797,37.734
19,269,0.26186,37.845
19,270,0.25724,37.811
19,271,0.26882,38.064
19,272,0.2717,38.187
19,273,0.26772,38.016
19,274,0.27643,38.234
19,275,0.27277,38.44
19,276,0.27766,38.062
19,277,0.28455,38.41
19,278,0.28968,38.768
19,279,0.29308,38.673
19,280,0.29537,38.416
19,281,0.30054,38.769
19,282,0.30709,39.229
19,283,0.3015,38.877
19,284,0.31016,38.624
19,285,0.30795,39.365
19,286,0.31519,39.027
19,287,0.31633,39.026
19,288,0.31701,39.304
19,289,0.32377,39.543
19,290,0.33006,39.306
19,291,0.32866,39.342
19,292,0.33046,39.404
19,293,0.33759,39.933
19,294,0.34361,39.643
19,295,0.34233,39.607
19,296,0.34184,39.69
19,297,0.25161999999999995,29.276789712576434
19,298,0.35665,40.29
19,299,0.35448,40.357
19,300,0.36498,40.285
19,301,0.36421,40.218
19,302,0.36455,40.491
19,303,0.37706,40.467
19,304,0.37295,40.368
19,305,0.38249,40.504
19,306,0.39079,41.189
19,307,0.39226,41.172
19,308,0.39514,41.171
19,309,0.39411,41.332
19,310,0.40182,41.21
19,311,0.41824,41.578
19,312,0.41584,41.669
19,313,0.4122,41.28
19,314,0.43039,42.024
19,315,0.42696,41.721
19,316,0.43315,42.057
19,317,0.43769,42.294
19,318,0.43829,41.895
19,319,0.45098,42.816
19,320,0.45529,42.755
19,321,0.45681,42.584
19,322,0.46338,42.675
19,323,0.47334,43.144
19,324,0.4715,42.548
19,325,0.47833,42.807
19,326,0.48423,42.962
19,327,0.49479,43.563
19,328,0.49811,43.718
19,329,0.50282,43.724
19,330,0.51286,43.824
19,331,0.51549,43.703
19,332,0.51941,44.458
19,333,0.52847,44.202
19,334,0.53246,44.309
19,335,0.53861,44.378
19,336,0.54603,44.739
19,337,0.55053,44.767
19,338,0.55841,44.819
19,339,0.56562,45.25
19,340,0.57626,45.409
19,341,0.57499,45.295
19,342,0.57955,45.568
19,343,0.58289,45.706
19,344,0.60281,45.384
19,345,0.61053,46.358
19,346,0.61157,45.938
19,347,0.61678,46.148
19,348,0.63289,46.589
19,349,0.63885,46.795
19,350,0.64316,46.607
19,351,0.64616,47.25
19,352,0.65805,47.332
19,353,0.67393,47.62
19,354,0.67411,47.891
19,355,0.68315,47.927
19,356,0.69545,48.153
19,357,0.70309,48.31
19,358,0.71247,48.638
19,359,0.71636,48.66
19,360,0.71632,48.883
19,361,0.73003,48.754
19,362,0.74238,48.9
19,363,0.75521,49.633
19,364,0.76072,49.555
19,365,0.76936,50.017
19,366,0.77534,49.953
19,367,0.78532,50.424
19,368,0.79995,50.724
19,369,0.81629,51.253
19,370,0.81733,51.086
19,371,0.83617,51.607
19,372,0.84528,51.326
19,373,0.85537,51.762
19,374,0.86601,52.299
19,375,0.87655,52.397
19,376,0.89045,52.849
19,377,0.89762,52.728
19,378,0.90921,53.584
19,379,0.91352,53.436
19,380,0.93412,54.12
19,381,0.94537,54.042
19,382,0.95609,54.239
19,383,0.97137,54.343
19,384,0.97681,54.87
19,385,0.99587,55.227
19,386,1.00066,55.301
20,0,0.0363,35.523
20,1,0.04003,35.656
20,2,0.04048,35.999
20,3,0.03985,35.784
20,4,0.03778,35.803
20,5,0.03687,35.807
20,6,0.03902,35.587
20,7,0.04019,35.704
20,8,0.03623,35.5
20,9,0.03736,35.82
20,10,0.0403,35.758
20,11,0.03919,35.917
20,12,0.03624,35.372
20,13,0.04209,35.623
20,14,0.03417,35.189
20,15,0.03927,35.34
20,16,0.03403,35.663
20,17,0.03997,35.55
20,18,0.03659,35.429
20,19,0.03499,35.62
20,20,0.03522,35.523
20,21,0.03142,35.712
20,22,0.03937,35.825
20,23,0.04255,35.574
20,24,0.036,35.211
20,25,0.05005,35.88
20,26,0.0417,35.472
20,27,0.04158,36.089
20,28,0.03741,35.42
20,29,0.03715,35.171
20,30,0.03761,35.791
20,31,0.03768,35.571
20,32,0.03999,35.801
20,33,0.0313,35.5
20,34,0.04774,35.59
20,35,0.03771,36.017
20,36,0.04253,35.636
20,37,0.03899,35.658
20,38,0.03524,35.558
20,39,0.03717,35.639
20,40,0.03536,35.32
20,41,0.03825,35.984
20,42,0.0388,35.587
20,43,0.04155,35.685
20,44,0.04607,35.819
20,45,0.04147,35.563
20,46,0.04074,35.753
20,47,0.03857,35.548
20,48,0.03631,35.653
20,49,0.04144,35.688
20,50,0.04014,35.677
20,51,0.03946,35.628
20,52,0.0392,36.202
20,53,0.04045,35.82
20,54,0.04102,35.652
20,55,0.04451,35.726
20,56,0.04363,35.697
20,57,0.03564,35.655
20,58,0.03513,35.677
20,59,0.03485,35.5
20,60,0.03397,36.108
20,61,0.03316,35.527
20,62,0.04442,35.989
20,63,0.04333,35.693
20,64,0.04541,35.987
20,65,0.04093,35.75
20,66,0.03894,35.475
20,67,0.04518,36.062
20,68,0.03678,35.577
20,69,0.03982,35.67
20,70,0.04073,35.887
20,71,0.03757,35.456
20,72,0.04558,35.716
20,73,0.0,26.486493392145476
20,74,0.03948,35.98
20,75,0.04459,36.015
20,76,0.04425,35.967
20,77,0.03831,35.603
20,78,0.03719,35.575
20,79,0.04397,35.798
20,80,0.04657,35.602
20,81,0.04341,35.509
20,82,0.04188,35.872
20,83,0.04074,35.808
20,84,0.03785,35.299
20,85,0.04401,36.121
20,86,0.03789,35.877
20,87,0.04214,35.463
20,88,0.03754,35.628
20,89,0.04054,35.431
20,90,0.03548,35.409
20,91,0.04313,35.751
20,92,0.04045,35.732
20,93,0.04671,35.913
20,94,0.04217,35.916
20,95,0.03892,35.611
20,96,0.04205,35.48
20,97,0.04128,35.295
20,98,0.05072,35.738
20,99,0.04952,35.905
20,100,0.04554,35.709
20,101,0.04422,35.907
20,102,0.04615,35.976
20,103,0.04213,35.633
20,104,0.03734,35.725
20,105,0.04816,36.19
20,106,0.04516,35.645
20,107,0.03727,35.827
20,108,0.03698,35.544
20,109,0.04339,35.744
20,110,0.04455,35.812
20,111,0.03486,35.567
20,112,0.03572,35.73
20,113,0.04254,35.307
20,114,0.04162,35.604
20,115,0.04977,35.943
20,116,0.0465,36.065
20,117,0.04487,35.943
20,118,0.04811,35.609
20,119,0.0514,35.657
20,120,0.0493,35.59
20,121,0.04817,36.239
20,122,0.04504,35.745
20,123,0.04847,35.808
20,124,0.05343,36.025
20,125,0.04501,35.687
20,126,0.0427,35.617
20,127,0.0,29.970976602625644
20,128,0.04407,36.193
20,129,0.04272,35.772
20,130,0.04935,36.02
20,131,0.04689,35.79
20,132,0.04908,35.941
20,133,0.04638,35.514
20,134,0.04569,35.581
20,135,0.04504,35.802
20,136,0.04929,36.249
20,137,0.04586,35.969
20,138,0.04938,36.154
20,139,0.05062,35.721
20,140,0.04157,35.779
20,141,0.04651,35.633
20,142,0.04371,35.798
20,143,0.05497,35.94
20,144,0.05146,35.922
20,145,0.0441,35.921
20,146,0.04505,35.8
20,147,0.04822,36.047
20,148,0.04552,35.885
20,149,0.0,21.630586021588698
20,150,0.03555,35.998
20,151,0.05247,35.812
20,152,0.04594,35.717
20,153,0.05348,35.61
20,154,0.05022,36.268
20,155,0.04643,35.844
20,156,0.05996,36.262
20,157,0.15183000000000002,50.23466629181861
20,158,0.0499,36.167
20,159,0.05009,35.519
20,160,0.05031,35.723
20,161,0.05094,35.878
20,162,0.05704,36.208
20,163,0.0535,35.988
20,164,0.0484,35.436
20,165,0.05329,36.143
20,166,0.0526,35.861
20,167,0.05509,36.008
20,168,0.06017,36.387
20,169,0.05747,36.231
20,170,0.04867,36.011
20,171,0.05555,36.156
20,172,0.05622,36.141
20,173,0.06526,36.241
20,174,0.05842,36.006
20,175,0.05805,36.28
20,176,0.05656,36.392
20,177,0.05178,35.852
20,178,0.05639,36.231
20,179,0.05648,36.314
20,180,0.05334,35.757
20,181,0.05744,36.063
20,182,0.05861,36.099
20,183,0.05531,36.015
20,184,0.05702,36.008
20,185,0.05632,35.972
20,186,0.0608,36.194
20,187,0.06664,36.32
20,188,0.05565,36.572
20,189,0.05975,36.329
20,190,0.06071,36.277
20,191,0.06073,35.933
20,192,0.06031,35.879
20,193,0.05839,35.955
20,194,0.06078,36.221
20,195,0.06153,36.229
20,196,0.05744,36.026
20,197,0.06381,36.437
20,198,0.0558,35.735
20,199,0.05775,36.294
20,200,0.06579,36.084
20,201,0.06243,36.559
20,202,0.06313,36.492
20,203,0.06574,36.086
20,204,0.06127,36.173
20,205,0.06273,36.382
20,206,0.06423,35.646
20,207,0.05763,35.645
20,208,0.06388,36.273
20,209,0.0646,36.05
20,210,0.06646,36.427
20,211,0.05904,35.822
20,212,0.06436,36.594
20,213,0.07147,36.511
20,214,0.06205,36.361
20,215,0.06347,36.062
20,216,0.05702,36.089
20,217,0.06339,36.233
20,218,0.05703,36.103
20,219,0.05683,36.282
20,220,0.06896,36.285
20,221,0.06945,36.156
20,222,0.06782,36.474
20,223,0.05549,35.944
20,224,0.06811,36.282
20,225,0.07437,36.239
20,226,0.0664,35.899
20,227,0.07527,36.435
20,228,0.06783,36.305
20,229,0.07248,36.491
20,230,0.08088,36.703
20,231,0.06879,36.225
20,232,0.06944,36.051
20,233,0.07154,36.556
20,234,0.06929,36.187
20,235,0.07818,36.266
20,236,0.06423,36.002
20,237,0.06672,36.367
20,238,0.07182,36.362
20,239,0.07826,36.414
20,240,0.07714,36.829
20,241,0.07261,36.571
20,242,0.07386,36.637
20,243,0.06895,36.011
20,244,0.07407,36.28
20,245,0.07398,36.411
20,246,0.07934,36.496
20,247,0.07358,36.376
20,248,0.07422,36.274
20,249,0.07127,36.407
20,250,0.07587,36.692
20,251,0.07279,36.32
20,252,0.08627,36.547
20,253,0.07851,36.315
20,254,0.07451,36.777
20,255,0.08104,36.643
20,256,0.07402,36.528
20,257,0.08589,36.957
20,258,0.0844,36.467
20,259,0.08344,36.804
20,260,0.07548,36.265
20,261,0.08669,36.92
20,262,0.07742,36.693
20,263,0.08448,36.851
20,264,0.08205,36.768
20,265,0.08845,36.715
20,266,0.08565,36.591
20,267,0.09268,36.857
20,268,0.08289,36.515
20,269,0.0876,36.916
20,270,0.08227,37.014
20,271,0.08936,36.899
20,272,0.08827,36.785
20,273,0.08859,36.992
20,274,0.08969,36.967
20,275,0.08853,36.826
20,276,0.08759,37.009
20,277,0.08802,36.71
20,278,0.09065,36.764
20,279,0.09536,36.879
20,280,0.09861,36.853
20,281,0.09429,36.763
20,282,0.09587,36.951
20,283,0.09415,37.152
20,284,0.09274,37.0
20,285,0.09287,36.908
20,286,0.09176,36.728
20,287,0.09682,37.339
20,288,0.09816,37.337
20,289,0.09926,36.954
20,290,0.10515,37.253
20,291,0.09705,37.075
20,292,0.09909,36.629
20,293,0.10464,37.373
20,294,0.10889,37.335
20,295,0.10119,37.242
20,296,0.10624,37.518
20,297,0.10333,37.091
20,298,0.10131,37.186
20,299,0.09866,37.173
20,300,0.10788,37.345
20,301,0.10677,37.509
20,302,0.1104,37.164
20,303,0.10526,36.992
20,304,0.11053,37.088
20,305,0.11337,37.617
20,306,0.10624,37.153
20,307,0.11055,37.465
20,308,0.11765,37.113
20,309,0.11068,37.238
20,310,0.1071,37.113
20,311,0.11517,37.338
20,312,0.10804,37.806
20,313,0.11605,37.436
20,314,0.11137,37.359
20,315,0.11589,37.032
20,316,0.11306,37.505
20,317,0.12591,37.712
20,318,0.12335,37.549
20,319,0.11941,37.708
20,320,0.12722,37.929
20,321,0.11714,37.425
20,322,0.12335,37.528
20,323,0.12463,37.773
20,324,0.12794,38.022
20,325,0.12347,37.31
20,326,0.12709,38.042
20,327,0.12462,37.747
20,328,0.1302,37.774
20,329,0.12833,37.509
20,330,0.12008,37.283
20,331,0.12855,37.918
20,332,0.13062,37.642
20,333,0.12839,37.826
20,334,0.13832,38.134
20,335,0.13626,37.579
20,336,0.13338,38.198
20,337,0.14023,37.657
20,338,0.13649,37.952
20,339,0.13464,37.376
20,340,0.13907,37.781
20,341,0.13654,37.81
20,342,0.14015,37.961
20,343,0.13816,37.874
20,344,0.13569,37.924
20,345,0.13233,37.727
20,346,0.14847,37.941
20,347,0.14872,38.389
20,348,0.13368,37.785
20,349,0.13648,37.856
20,350,0.14904,37.669
20,351,0.15786,38.424
20,352,0.14787,38.432
20,353,0.1452,37.832
20,354,0.14431,38.418
20,355,0.15597,38.455
20,356,0.15699,38.461
20,357,0.15725,38.407
20,358,0.15854,38.26
20,359,0.1591,38.449
20,360,0.16092,38.141
20,361,0.15629,38.547
20,362,0.16166,38.57
20,363,0.15974,38.115
20,364,0.16196,38.415
20,365,0.16392,38.763
20,366,0.16856,38.98
20,367,0.17073,38.177
20,368,0.17461,38.446
20,369,0.1726,38.547
20,370,0.18155,39.194
20,371,0.17133,38.648
20,372,0.17661,38.966
20,373,0.17709,38.6
20,374,0.17545,38.766
20,375,0.18463,39.062
20,376,0.17797,38.954
20,377,0.18091,39.07
20,378,0.19397,39.117
20,379,0.18849,38.915
20,380,0.18626,39.02
20,381,0.18738,39.532
20,382,0.18839,39.179
20,383,0.18336,39.034
20,384,0.19714,39.156
20,385,0.18402,38.955
20,386,0.19565,39.372
20,387,0.20515,39.368
20,388,0.19522,38.984
20,389,0.20099,39.445
20,390,0.19959,39.473
20,391,0.20522,39.454
20,392,0.20134,39.261
20,393,0.19685,39.302
20,394,0.2083,39.554
20,395,0.21186,39.674
20,396,0.21106,39.588
20,397,0.20756,39.382
20,398,0.21507,39.523
20,399,0.22001,39.651
20,400,0.21916,39.787
20,401,0.22302,40.031
20,402,0.22456,39.465
20,403,0.22833,40.278
20,404,0.22342,39.908
20,405,0.22358,39.474
20,406,0.22601,39.811
20,407,0.22939,39.804
20,408,0.22973,40.002
20,409,0.23145,40.152
20,410,0.23915,40.695
20,411,0.24283,40.351
20,412,0.23777,40.246
20,413,0.2435,40.215
20,414,0.24729,40.125
20,415,0.24516,40.467
20,416,0.24698,40.356
20,417,0.2496,40.29
20,418,0.25688,40.419
20,419,0.25551,40.674
20,420,0.25252,40.538
20,421,0.25477,40.853
20,422,0.25596,40.471
20,423,0.25775,40.371
20,424,0.27117,41.057
20,425,0.26753,40.734
20,426,0.27279,40.82
20,427,0.27455,40.851
20,428,0.27103,41.097
20,429,0.27932,41.253
20,430,0.17394,32.92310361458998
20,431,0.28106,41.004
20,432,0.28823,40.857
20,433,0.28197,41.093
20,434,0.27607,40.781
20,435,0.29233,41.437
20,436,0.29853,41.881
20,437,0.2964,41.586
20,438,0.29738,41.014
20,439,0.29401,41.489
20,440,0.30455,41.767
20,441,0.30103,41.816
20,442,0.31307,42.091
20,443,0.31367,41.805
20,444,0.3166,42.013
20,445,0.31696,42.065
20,446,0.31706,41.822
20,447,0.31988,42.256
20,448,0.32114,42.265
20,449,0.32856,42.196
20,450,0.33391,42.307
20,451,0.33715,42.539
20,452,0.33384,42.199
20,453,0.33637,42.393
20,454,0.33453,42.348
20,455,0.33921,42.616
20,456,0.35055,42.512
20,457,0.3551,42.835
20,458,0.3473,42.834
20,459,0.35239,42.783
20,460,0.35556,42.708
20,461,0.3631,42.986
20,462,0.35752,43.026
20,463,0.36154,42.777
20,464,0.37425,43.058
20,465,0.36336,43.173
20,466,0.37458,43.261
20,467,0.37775,43.423
20,468,0.37923,43.706
20,469,0.3796,43.508
20,470,0.39137,43.535
20,471,0.38803,43.815
20,472,0.39152,43.569
20,473,0.40242,43.946
20,474,0.39511,44.122
20,475,0.40363,43.886
20,476,0.41026,44.242
20,477,0.42059,44.021
20,478,0.4196,44.479
20,479,0.41933,44.482
20,480,0.42724,44.228
20,481,0.43415,44.35
20,482,0.42629,44.43
20,483,0.44225,44.785
20,484,0.43818,45.04
20,485,0.34089,36.22544288390192
20,486,0.44425,45.166
20,487,0.45006,45.411
20,488,0.45662,45.045
20,489,0.4578,45.03
20,490,0.45889,46.122
20,491,0.46965,45.643
20,492,0.46712,45.727
20,493,0.47809,46.039
20,494,0.48514,45.528
20,495,0.47753,45.45
20,496,0.48239,45.826
20,497,0.48813,46.306
20,498,0.50229,46.213
20,499,0.5068,46.615
20,500,0.50153,45.795
20,501,0.50686,46.19
20,502,0.51299,46.476
20,503,0.51689,46.652
20,504,0.51631,46.616
20,505,0.52396,46.748
20,506,0.53415,46.696
20,507,0.53384,46.91
20,508,0.5376,47.199
20,509,0.54151,46.997
20,510,0.54632,47.436
20,511,0.55202,47.44
20,512,0.56675,47.668
20,513,0.56821,48.051
20,514,0.57283,47.818
20,515,0.57629,47.643
20,516,0.57565,47.765
20,517,0.59283,48.115
20,518,0.5857,47.906
20,519,0.59644,48.388
20,520,0.60379,48.662
20,521,0.59921,48.262
20,522,0.61553,48.754
20,523,0.62021,48.872
20,524,0.61703,48.768
20,525,0.62252,48.841
20,526,0.63273,49.289
20,527,0.63116,49.147
20,528,0.64082,49.241
20,529,0.64939,49.456
20,530,0.66014,50.049
20,531,0.66514,49.826
20,532,0.66242,49.88
20,533,0.67158,49.95
20,534,0.67345,50.106
20,535,0.68256,50.46
20,536,0.69291,50.778
20,537,0.69135,50.603
20,538,0.69967,50.468
20,539,0.70712,51.095
20,540,0.71365,51.344
20,541,0.7237,51.181
20,542,0.73257,51.551
20,543,0.73069,51.791
20,544,0.74201,51.68
20,545,0.74415,51.961
20,546,0.75631,52.128
20,547,0.75895,52.229
20,548,0.77142,52.213
20,549,0.76896,52.407
20,550,0.77526,52.465
20,551,0.78675,52.94
20,552,0.79402,53.083
20,553,0.80065,53.213
20,554,0.81813,53.197
20,555,0.8183,53.965
20,556,0.82472,53.574
20,557,0.83499,53.804
20,558,0.83247,53.964
20,559,0.83881,53.799
20,560,0.75924,44.11520314490168
20,561,0.8593,54.525
20,562,0.86641,54.267
20,563,0.87872,54.755
20,564,0.88053,54.96
20,565,0.89532,55.098
20,566,0.90032,55.378
20,567,0.91435,55.547
20,568,0.92039,55.854
20,569,0.92954,55.958
20,570,0.93071,55.884
20,571,0.94414,56.646
20,572,0.94932,56.561
20,573,0.95851,56.632
20,574,0.97453,57.128
20,575,0.97223,56.808
20,576,0.99103,57.379
20,577,0.9903,57.17
20,578,1.00668,57.906
21,0,0.03643,33.322
21,1,0.03814,33.282
21,2,0.03525,33.45
21,3,0.04268,33.256
21,4,0.03911,33.679
21,5,0.03999,33.687
21,6,0.03521,33.59
21,7,0.03465,33.34
21,8,0.03571,33.262
21,9,0.031,32.848
21,10,0.04277,33.163
21,11,0.03924,33.179
21,12,0.03503,33.475
21,13,0.03925,33.414
21,14,0.04337,33.479
21,15,0.0439,33.336
21,16,0.03441,33.296
21,17,0.03938,33.27
21,18,0.03846,33.693
21,19,0.03819,33.026
21,20,0.033,33.707
21,21,0.04598,33.512
21,22,0.04363,33.595
21,23,0.04568,33.378
21,24,0.03665,33.641
21,25,0.03506,33.353
21,26,0.04108,33.639
21,27,0.04205,33.479
21,28,0.0402,33.263
21,29,0.04129,33.72
21,30,0.04105,33.763
21,31,0.04536,33.68
21,32,0.04203,33.379
21,33,0.04965,33.845
21,34,0.04262,33.859
21,35,0.04595,33.314
21,36,0.04199,33.65
21,37,0.04999,34.167
21,38,0.04433,33.683
21,39,0.04205,33.328
21,40,0.03803,33.488
21,41,0.05012,33.853
21,42,0.04569,33.837
21,43,0.05744,33.706
21,44,0.03623,33.436
21,45,0.05056,33.399
21,46,0.04986,33.624
21,47,0.04819,33.468
21,48,0.04323,33.313
21,49,0.05014,33.573
21,50,0.04887,33.674
21,51,0.0434,33.553
21,52,0.0494,33.893
21,53,0.05477,33.605
21,54,0.05055,33.265
21,55,0.05289,33.983
21,56,0.03915,33.369
21,57,0.04661,33.546
21,58,0.0,27.065487740420117
21,59,0.05488,33.749
21,60,0.04736,33.593
21,61,0.05068,33.694
21,62,0.04957,33.757
21,63,0.05764,33.623
21,64,0.05467,33.998
21,65,0.05154,33.982
21,66,0.05345,33.552
21,67,0.04902,33.829
21,68,0.0573,34.182
21,69,0.05765,33.857
21,70,0.05733,33.884
21,71,0.0,21.520406063011553
21,72,0.04941,33.532
21,73,0.05668,33.313
21,74,0.05516,34.002
21,75,0.06307,33.901
21,76,0.05592,33.692
21,77,0.05643,34.077
21,78,0.06568,33.731
21,79,0.05642,33.475
21,80,0.06006,33.837
21,81,0.06213,34.117
21,82,0.06343,33.686
21,83,0.06165,33.633
21,84,0.06924,34.082
21,85,0.05738,33.762
21,86,0.06424,34.181
21,87,0.06918,34.164
21,88,0.06322,34.147
21,89,0.06777,34.142
21,90,0.06897,34.025
21,91,0.06624,33.675
21,92,0.07251,34.133
21,93,0.07316,34.115
21,94,0.06942,34.168
21,95,0.06644,34.183
21,96,0.07461,34.639
21,97,0.07314,34.004
21,98,0.06521,34.285
21,99,0.06753,34.236
21,100,0.07275,34.501
21,101,0.07496,34.283
21,102,0.08188,34.619
21,103,0.07658,34.192
21,104,0.07051,34.132
21,105,0.06985,34.103
21,106,0.07981,34.601
21,107,0.07601,34.902
21,108,0.08325,34.481
21,109,0.08352,34.378
21,110,0.08078,34.356
21,111,0.07574,34.415
21,112,0.08139,34.457
21,113,0.08215,34.281
21,114,0.08948,34.685
21,115,0.08293,34.218
21,116,0.09049,34.843
21,117,0.08579,34.291
21,118,0.09333,34.654
21,119,0.08493,34.517
21,120,0.09006,34.616
21,121,0.07597,34.364
21,122,0.09418,34.569
21,123,0.09772,35.007
21,124,0.09435,34.549
21,125,0.09461,34.829
21,126,0.0942,34.926
21,127,0.09413,34.692
21,128,0.09397,34.652
21,129,0.09712,34.78
21,130,0.09789,35.021
21,131,0.10594,34.771
21,132,0.10698,35.187
21,133,0.09864,34.788
21,134,0.10451,34.663
21,135,0.10421,35.092
21,136,0.10278,34.656
21,137,0.10778,35.513
21,138,0.10537,34.877
21,139,0.10868,35.407
21,140,0.10415,35.139
21,141,0.11017,35.052
21,142,0.10934,35.059
21,143,0.11079,35.035
21,144,0.10621,34.687
21,145,0.1188,35.586
21,146,0.13178,35.828
21,147,0.11822,34.923
21,148,0.12388,35.165
21,149,0.11996,35.539
21,150,0.12586,35.316
21,151,0.11937,35.39
21,152,0.12907,35.879
21,153,0.11932,35.37
21,154,0.13454,35.625
21,155,0.1261,35.323
21,156,0.13427,35.605
21,157,0.13699,36.023
21,158,0.13586,35.984
21,159,0.13871,35.876
21,160,0.14044,35.922
21,161,0.14482,36.082
21,162,0.14447,35.279
21,163,0.14866,35.651
21,164,0.14569,35.496
21,165,0.15679,36.322
21,166,0.15059,36.375
21,167,0.15596,36.244
21,168,0.15737,36.176
21,169,0.15283,36.337
21,170,0.15952,35.952
21,171,0.16389,36.416
21,172,0.17075,36.625
21,173,0.16134,35.989
21,174,0.17327,36.619
21,175,0.16694,36.337
21,176,0.17781,36.834
21,177,0.17926,36.823
21,178,0.17381,37.002
21,179,0.17792,36.903
21,180,0.18617,36.94
21,181,0.17978,36.651
21,182,0.18937,37.122
21,183,0.19433,37.361
21,184,0.08781999999999998,22.659213238418975
21,185,0.19008,37.151
21,186,0.20645,37.485
21,187,0.19227,37.019
21,188,0.21075,37.483
21,189,0.21007,37.317
21,190,0.20608,37.37
21,191,0.2181,37.638
21,192,0.20559,37.878
21,193,0.21691,37.802
21,194,0.2125,37.618
21,195,0.22197,37.598
21,196,0.22757,37.584
21,197,0.22407,38.084
21,198,0.22816,37.841
21,199,0.23458,38.018
21,200,0.24018,38.261
21,201,0.23464,37.947
21,202,0.2406,38.143
21,203,0.24777,38.468
21,204,0.24125,38.456
21,205,0.25382,38.326
21,206,0.2615,38.312
21,207,0.25495,39.003
21,208,0.26546,38.68
21,209,0.26898,38.875
21,210,0.27242,39.091
21,211,0.27527,39.132
21,212,0.27928,38.993
21,213,0.27939,39.423
21,214,0.29037,39.629
21,215,0.29182,39.501
21,216,0.29518,39.767
21,217,0.29867,39.422
21,218,0.30635,39.771
21,219,0.30955,40.02
21,220,0.31058,39.859
21,221,0.31607,40.291
21,222,0.32185,40.202
21,223,0.32171,40.314
21,224,0.33267,40.262
21,225,0.34335,40.751
21,226,0.33792,40.553
21,227,0.34378,41.002
21,228,0.3539,41.025
21,229,0.36203,40.921
21,230,0.36333,41.269
21,231,0.36445,41.141
21,232,0.37428,41.59
21,233,0.37021,41.686
21,234,0.38585,41.639
21,235,0.38358,41.864
21,236,0.39429,42.04
21,237,0.40022,42.281
21,238,0.40709,42.095
21,239,0.40711,42.273
21,240,0.32453999999999994,30.59405695124291
21,241,0.42283,42.755
21,242,0.42578,42.806
21,243,0.4337,43.085
21,244,0.43614,43.356
21,245,0.44504,43.21
21,246,0.45278,43.074
21,247,0.46266,43.473
21,248,0.4681,43.494
21,249,0.47173,43.683
21,250,0.48185,44.044
21,251,0.48593,44.006
21,252,0.49499,44.335
21,253,0.50144,44.843
21,254,0.51045,45.049
21,255,0.51539,44.772
21,256,0.52118,44.98
21,257,0.52956,45.026
21,258,0.53103,45.447
21,259,0.545,45.782
21,260,0.55416,45.834
21,261,0.56298,45.998
21,262,0.56691,46.245
21,263,0.57787,46.455
21,264,0.48202,38.43577913084644
21,265,0.598,46.717
21,266,0.60713,47.009
21,267,0.62153,47.418
21,268,0.62155,47.232
21,269,0.63729,47.38
21,270,0.64405,47.624
21,271,0.65574,48.039
21,272,0.66304,48.306
21,273,0.66516,48.478
21,274,0.67776,48.81
21,275,0.68672,48.911
21,276,0.70112,49.086
21,277,0.71688,49.588
21,278,0.72023,49.721
21,279,0.72681,50.308
21,280,0.73917,50.223
21,281,0.75481,50.721
21,282,0.7665,50.636
21,283,0.76975,50.485
21,284,0.7878,51.545
21,285,0.79382,51.784
21,286,0.81678,51.692
21,287,0.82021,51.846
21,288,0.83805,52.457
21,289,0.84897,52.627
21,290,0.86274,53.224
21,291,0.87439,53.201
21,292,0.89195,53.708
21,293,0.90347,54.006
21,294,0.91908,54.645
21,295,0.93323,54.625
21,296,0.94009,55.074
21,297,0.95619,55.276
21,298,0.96801,55.846
21,299,0.9895,56.052
21,300,0.99754,56.13
21,301,1.01566,56.777
22,0,0.05608,35.521
22,1,0.05367,35.687
22,2,0.06153,35.736
22,3,0.05957,35.477
22,4,0.05055,35.486
22,5,0.06214,35.83
22,6,0.05761,35.78
22,7,0.06096,35.67
22,8,0.05934,35.593
22,9,0.06459,35.705
22,10,0.05319,35.746
22,11,0.05711,35.78
22,12,0.05777,35.51
22,13,0.06339,36.02
22,14,0.06244,35.716
22,15,0.05875,35.787
22,16,0.06167,36.038
22,17,0.058,35.429
22,18,0.06443,35.973
22,19,0.05495,35.752
22,20,0.05142,35.811
22,21,0.05166,35.561
22,22,0.0586,35.952
22,23,0.05813,35.862
22,24,0.05768,35.72
22,25,0.05822,35.699
22,26,0.05122,35.442
22,27,0.15903,44.9180532277076
22,28,0.05752,35.658
22,29,0.05477,35.569
22,30,0.05709,35.715
22,31,0.15999000000000002,44.19334855921262
22,32,0.05439,35.38
22,33,0.06899,35.728
22,34,0.05662,35.808
22,35,0.06024,35.882
22,36,0.05712,35.763
22,37,0.05924,35.695
22,38,0.06008,35.986
22,39,0.05911,35.752
22,40,0.06358,36.037
22,41,0.06575,35.537
22,42,0.06314,35.956
22,43,0.05609,35.744
22,44,0.06395,35.687
22,45,0.06163,35.98
22,46,0.05569,35.657
22,47,0.06129,35.64
22,48,0.05669,35.679
22,49,0.06353,35.973
22,50,0.057,35.843
22,51,0.05723,35.395
22,52,0.05923,35.982
22,53,0.06345,35.842
22,54,0.05929,35.68
22,55,0.06152,35.59
22,56,0.05983,35.726
22,57,0.05595,35.523
22,58,0.06313,35.838
22,59,0.06039,35.598
22,60,0.06808,35.768
22,61,0.06292,35.734
22,62,0.0622,35.909
22,63,0.05672,35.705
22,64,0.06711,36.269
22,65,0.06198,35.821
22,66,0.0715,36.232
22,67,0.06034,35.656
22,68,0.0668,35.708
22,69,0.06748,35.99
22,70,0.06536,35.83
22,71,0.06094,36.084
22,72,0.0,24.94615614034487
22,73,0.06347,35.881
22,74,0.05984,35.657
22,75,0.06167,35.975
22,76,0.06077,35.437
22,77,0.05663,35.411
22,78,0.07012,35.98
22,79,0.06687,36.019
22,80,0.06528,35.864
22,81,0.06942,35.992
22,82,0.07103,36.119
22,83,0.06316,35.737
22,84,0.06292,36.075
22,85,0.06441,35.702
22,86,0.06751,35.905
22,87,0.06762,36.304
22,88,0.07031,35.986
22,89,0.06123,35.698
22,90,0.06993,35.739
22,91,0.07587,36.096
22,92,0.06772,35.795
22,93,0.06974,35.738
22,94,0.07664,36.372
22,95,0.07215,35.74
22,96,0.06927,36.202
22,97,0.07106,35.795
22,98,0.06633,35.81
22,99,0.06677,36.215
22,100,0.06175,35.939
22,101,0.06452,35.672
22,102,0.06191,35.701
22,103,0.07625,36.153
22,104,0.06568,36.091
22,105,0.07566,36.109
22,106,0.07915,36.323
22,107,0.07402,35.895
22,108,0.07408,36.1
22,109,0.07393,35.917
22,110,0.07266,35.865
22,111,0.06385,36.05
22,112,0.06673,35.93
22,113,0.07437,36.128
22,114,0.07221,36.073
22,115,0.07554,36.233
22,116,0.0809,36.241
22,117,0.07455,35.885
22,118,0.07636,36.236
22,119,0.07417,36.167
22,120,0.07411,36.191
22,121,0.07927,36.341
22,122,0.07643,35.896
22,123,0.07386,36.171
22,124,0.08646,36.238
22,125,0.07885,36.041
22,126,0.07349,35.909
22,127,0.06943,36.234
22,128,0.06921,35.906
22,129,0.0738,35.874
22,130,0.0844,36.305
22,131,0.07543,35.966
22,132,0.07662,36.099
22,133,0.08078,36.571
22,134,0.07283,36.025
22,135,0.07965,36.358
22,136,0.08275,36.349
22,137,0.08314,36.053
22,138,0.08704,36.478
22,139,0.0863,36.556
22,140,0.08475,36.568
22,141,0.08504,36.234
22,142,0.08396,36.251
22,143,0.08238,36.55
22,144,0.08611,36.318
22,145,0.08696,36.912
22,146,0.08137,36.034
22,147,0.08086,36.147
22,148,0.08787,36.241
22,149,0.08523,36.31
22,150,0.0859,36.357
22,151,0.09289,36.571
22,152,0.09248,36.645
22,153,0.09063,36.358
22,154,0.08695,36.238
22,155,0.0885,36.494
22,156,0.09255,36.568
22,157,0.08709,36.605
22,158,0.0906,36.17
22,159,0.09114,36.897
22,160,0.09194,36.352
22,161,0.09332,36.415
22,162,0.09158,36.438
22,163,0.09963,36.634
22,164,0.09151,36.339
22,165,0.09439,36.477
22,166,0.10256,36.601
22,167,0.09755,36.885
22,168,0.10207,36.736
22,169,0.10708,36.82
22,170,0.09199,36.584
22,171,0.09426,36.554
22,172,0.09448,36.374
22,173,0.1006,36.437
22,174,0.10139,36.814
22,175,0.10066,36.701
22,176,0.10041,36.549
22,177,0.20632,49.58671431487306
22,178,0.10055,36.689
22,179,0.11108,36.786
22,180,0.10555,36.722
22,181,0.1084,36.797
22,182,0.09889,36.343
22,183,0.10645,36.739
22,184,0.11141,36.936
22,185,0.11255,36.572
22,186,0.11817,37.2
22,187,0.10823,36.812
22,188,0.11177,36.844
22,189,0.11927,37.394
22,190,0.11898,37.021
22,191,0.11555,36.929
22,192,0.12329,37.04
22,193,0.11526,36.563
22,194,0.12183,37.069
22,195,0.11818,37.151
22,196,0.12008,36.957
22,197,0.12271,36.967
22,198,0.12475,37.308
22,199,0.12028,37.086
22,200,0.1266,37.146
22,201,0.13047,37.203
22,202,0.12999,37.327
22,203,0.12716,37.186
22,204,0.1293,37.143
22,205,0.13015,37.281
22,206,0.13292,37.322
22,207,0.1337,36.937
22,208,0.13508,37.299
22,209,0.13713,37.209
22,210,0.1326,37.361
22,211,0.13753,37.37
22,212,0.13876,37.359
22,213,0.13936,37.179
22,214,0.14435,37.352
22,215,0.14443,37.557
22,216,0.14276,37.2
22,217,0.15616,37.606
22,218,0.15033,37.981
22,219,0.15239,37.575
22,220,0.15037,37.428
22,221,0.1556,37.813
22,222,0.15147,37.408
22,223,0.14972,37.778
22,224,0.15698,37.771
22,225,0.05473,30.52699400873758
22,226,0.16341,37.866
22,227,0.16475,37.807
22,228,0.16176,37.967
22,229,0.16725,38.094
22,230,0.16477,38.007
22,231,0.17204,38.01
22,232,0.16723,38.203
22,233,0.16837,38.083
22,234,0.17249,37.672
22,235,0.17899,37.62
22,236,0.16832,38.062
22,237,0.18017,38.067
22,238,0.18049,37.695
22,239,0.18458,38.334
22,240,0.18346,38.265
22,241,0.28752,43.65445039787306
22,242,0.18,38.631
22,243,0.19426,38.222
22,244,0.19008,38.347
22,245,0.1978,38.118
22,246,0.19355,38.112
22,247,0.19649,38.429
22,248,0.20006,38.475
22,249,0.19889,38.696
22,250,0.30589,46.59046553502981
22,251,0.20557,38.593
22,252,0.20805,38.857
22,253,0.20209,38.716
22,254,0.21434,38.896
22,255,0.21485,38.381
22,256,0.21606,39.276
22,257,0.22028,38.942
22,258,0.22274,39.124
22,259,0.22779,39.109
22,260,0.22937,39.522
22,261,0.33425000000000005,44.77846250911318
22,262,0.23019,39.538
22,263,0.23228,39.316
22,264,0.24104,39.32
22,265,0.24116,39.606
22,266,0.24071,39.749
22,267,0.2408,39.805
22,268,0.25317,39.648
22,269,0.25042,39.509
22,270,0.25439,39.681
22,271,0.2629,40.256
22,272,0.26167,39.669
22,273,0.26173,39.802
22,274,0.26287,39.626
22,275,0.37850000000000006,50.926230608451206
22,276,0.26995,40.168
22,277,0.27178,39.822
22,278,0.27655,40.468
22,279,0.28206,39.76
22,280,0.29127,40.373
22,281,0.28244,40.193
22,282,0.29537,40.598
22,283,0.30399,40.52
22,284,0.30054,40.481
22,285,0.29779,40.743
22,286,0.30947,40.858
22,287,0.31304,40.736
22,288,0.31108,40.841
22,289,0.32357,41.407
22,290,0.32599,41.14
22,291,0.32782,41.173
22,292,0.32663,41.152
22,293,0.32944,41.179
22,294,0.34544,41.691
22,295,0.33937,41.389
22,296,0.34395,41.484
22,297,0.35574,41.864
22,298,0.36587,42.176
22,299,0.36116,41.978
22,300,0.36402,41.675
22,301,0.3746,42.316
22,302,0.37302,42.137
22,303,0.38363,42.465
22,304,0.37756,42.222
22,305,0.38755,42.598
22,306,0.39723,42.834
22,307,0.39359,42.34
22,308,0.40755,42.66
22,309,0.40211,42.775
22,310,0.41118,43.209
22,311,0.41981,43.057
22,312,0.42247,43.397
22,313,0.43079,43.165
22,314,0.43166,43.249
22,315,0.43649,43.567
22,316,0.43881,43.38
22,317,0.45421,43.787
22,318,0.4547,43.86
22,319,0.45992,43.829
22,320,0.47205,44.171
22,321,0.47281,44.333
22,322,0.48201,44.427
22,323,0.49402,44.744
22,324,0.49872,44.654
22,325,0.50384,44.762
22,326,0.50235,44.749
22,327,0.51482,45.057
22,328,0.51999,44.892
22,329,0.52994,44.982
22,330,0.54005,45.402
22,331,0.54221,45.604
22,332,0.5507,45.381
22,333,0.55884,45.888
22,334,0.56032,45.707
22,335,0.56895,45.771
22,336,0.5847,46.646
22,337,0.58726,46.355
22,338,0.59241,46.656
22,339,0.6081,46.706
22,340,0.60457,47.059
22,341,0.60999,46.657
22,342,0.62436,46.836
22,343,0.63812,47.597
22,344,0.63983,47.716
22,345,0.6565,47.773
22,346,0.6576,48.27
22,347,0.67111,48.141
22,348,0.68263,48.383
22,349,0.68424,48.371
22,350,0.69963,48.267
22,351,0.70367,49.023
22,352,0.71226,49.229
22,353,0.72959,49.256
22,354,0.73142,49.248
22,355,0.75425,50.141
22,356,0.75414,49.642
22,357,0.76431,50.017
22,358,0.76921,50.083
22,359,0.78996,50.126
22,360,0.79862,50.935
22,361,0.80387,51.105
22,362,0.81431,51.065
22,363,0.82696,51.17
22,364,0.83699,51.574
22,365,0.8543,51.77
22,366,0.85707,51.919
22,367,0.87597,52.176
22,368,0.8937,52.264
22,369,0.88948,52.346
22,370,0.91349,52.764
22,371,0.9192,53.281
22,372,0.93763,53.538
22,373,0.95174,53.662
22,374,0.96013,54.078
22,375,0.96948,53.676
22,376,0.98653,54.634
22,377,1.00289,54.949
23,0,0.05636,34.496
23,1,0.05997,34.059
23,2,0.05798,34.467
23,3,0.06209,34.771
23,4,0.05492,34.78
23,5,0.06335,34.971
23,6,0.05977,34.527
23,7,0.05771,34.449
23,8,0.05773,34.414
23,9,0.05623,34.925
23,10,0.05822,34.459
23,11,0.05264,34.388
23,12,0.06009,34.618
23,13,0.05695,34.599
23,14,0.05881,34.7
23,15,0.06023,34.576
23,16,0.05682,34.511
23,17,0.05968,34.805
23,18,0.0,21.35728660827272
23,19,0.05433,34.151
23,20,0.0527,34.209
23,21,0.05506,34.56
23,22,0.05351,34.433
23,23,0.06122,34.452
23,24,0.05598,34.226
23,25,0.05421,34.721
23,26,0.06012,35.021
23,27,0.05523,34.773
23,28,0.15534,42.93498453385686
23,29,0.06922,34.647
23,30,0.06476,34.698
23,31,0.05418,34.16
23,32,0.05899,34.339
23,33,0.05747,34.146
23,34,0.06016,34.284
23,35,0.05858,34.277
23,36,0.06381,34.26
23,37,0.05786,34.648
23,38,0.06052,34.352
23,39,0.05221,34.554
23,40,0.05876,34.344
23,41,0.06262,34.54
23,42,0.05681,34.337
23,43,0.05649,34.343
23,44,0.06094,34.921
23,45,0.05413,34.377
23,46,0.05915,34.661
23,47,0.06386,34.651
23,48,0.05746,34.642
23,49,0.05354,34.002
23,50,0.07056,34.685
23,51,0.05865,34.664
23,52,0.06179,34.809
23,53,0.06426,34.404
23,54,0.06569,34.83
23,55,0.06222,34.727
23,56,0.05189,34.348
23,57,0.05706,34.294
23,58,0.05908,34.731
23,59,0.06229,34.732
23,60,0.05947,34.651
23,61,0.06057,34.792
23,62,0.06426,34.725
23,63,0.05839,34.604
23,64,0.06268,34.678
23,65,0.05992,34.456
23,66,0.06323,34.496
23,67,0.06105,34.732
23,68,0.06395,34.454
23,69,0.0635,35.08
23,70,0.06513,34.659
23,71,0.06778,35.219
23,72,0.06613,34.392
23,73,0.06527,34.987
23,74,0.05468,34.646
23,75,0.06225,34.907
23,76,0.06291,34.728
23,77,0.06477,34.848
23,78,0.06525,34.537
23,79,0.06255,34.649
23,80,0.06866,34.897
23,81,0.06124,34.435
23,82,0.06663,34.656
23,83,0.06717,34.753
23,84,0.07014,34.689
23,85,0.0702,35.035
23,86,0.06283,34.482
23,87,0.07245,34.713
23,88,0.06612,34.807
23,89,0.06508,34.869
23,90,0.06147,35.011
23,91,0.06205,34.61
23,92,0.05976,34.792
23,93,0.07322,35.314
23,94,0.07037,34.768
23,95,0.066,34.671
23,96,0.0613,34.561
23,97,0.06995,34.659
23,98,0.05736,34.273
23,99,0.06993,34.488
23,100,0.06494,34.633
23,101,0.06803,34.832
23,102,0.06877,34.773
23,103,0.06357,34.856
23,104,0.06047,34.756
23,105,0.07229,35.356
23,106,0.06488,34.596
23,107,0.06829,34.787
23,108,0.0716,34.977
23,109,0.06704,34.741
23,110,0.07238,34.638
23,111,0.0679,34.893
23,112,0.16476000000000002,42.05363544530261
23,113,0.07501,34.952
23,114,0.0644,34.88
23,115,0.0688,34.597
23,116,0.07131,34.876
23,117,0.06759,34.62
23,118,0.06614,34.886
23,119,0.06546,34.563
23,120,0.07107,35.151
23,121,0.07142,34.985
23,122,0.07151,35.051
23,123,0.07907,34.968
23,124,0.0716,34.907
23,125,0.07389,34.955
23,126,0.06982,34.827
23,127,0.08195,35.188
23,128,0.06482,34.627
23,129,0.07275,34.872
23,130,0.07266,34.955
23,131,0.0752,35.012
23,132,0.07722,34.711
23,133,0.07265,34.985
23,134,0.07493,34.823
23,135,0.07203,34.714
23,136,0.07832,34.666
23,137,0.06954,34.906
23,138,0.0771,34.69
23,139,0.07769,35.057
23,140,0.07751,35.031
23,141,0.07742,35.107
23,142,0.07788,35.075
23,143,0.07592,34.962
23,144,0.07746,35.181
23,145,0.08468,35.298
23,146,0.07861,35.287
23,147,0.07897,34.841
23,148,0.07474,35.315
23,149,0.07512,35.072
23,150,0.07431,35.195
23,151,0.07672,35.014
23,152,0.07795,35.129
23,153,0.07986,35.256
23,154,0.0821,35.186
23,155,0.0824,35.277
23,156,0.07852,34.947
23,157,0.08663,35.381
23,158,0.08236,34.975
23,159,0.07392,34.871
23,160,0.07959,35.006
23,161,0.08515,35.509
23,162,0.08651,35.116
23,163,0.08457,35.092
23,164,0.07539,34.95
23,165,0.08815,35.21
23,166,0.08679,35.111
23,167,0.08657,35.19
23,168,0.09026,35.266
23,169,0.08237,35.43
23,170,0.08259,35.184
23,171,0.083,35.336
23,172,0.09084,35.208
23,173,0.08821,35.407
23,174,0.08692,35.552
23,175,0.09287,35.222
23,176,0.09203,35.473
23,177,0.08857,35.241
23,178,0.08206,35.185
23,179,0.08963,35.712
23,180,0.08611,34.906
23,181,0.0845,35.506
23,182,0.08785,35.543
23,183,0.09009,35.13
23,184,0.0985,35.794
23,185,0.09021,35.527
23,186,0.09185,35.455
23,187,0.09885,35.235
23,188,0.09082,35.348
23,189,0.09404,35.172
23,190,0.09683,35.259
23,191,0.08862,35.239
23,192,0.10167,36.116
23,193,0.09652,35.434
23,194,0.09566,35.528
23,195,0.10139,35.358
23,196,0.10079,35.301
23,197,0.09458,35.434
23,198,0.09865,35.533
23,199,0.09821,35.531
23,200,0.09193,35.485
23,201,0.10178,35.879
23,202,0.10644,35.807
23,203,0.10523,35.699
23,204,0.09431,35.62
23,205,0.10361,35.656
23,206,0.10095,35.686
23,207,0.1004,35.665
23,208,0.09861,35.371
23,209,0.09758,35.957
23,210,0.10373,35.9
23,211,0.09962,35.522
23,212,0.1068,36.028
23,213,0.10277,35.554
23,214,0.10261,35.607
23,215,0.10229,35.336
23,216,0.10802,35.897
23,217,0.10304,35.507
23,218,0.10782,36.1
23,219,0.09751,35.595
23,220,0.11219,35.723
23,221,0.10872,35.847
23,222,0.11065,36.168
23,223,0.11183,36.029
23,224,0.11389,36.046
23,225,0.10965,35.843
23,226,0.11317,35.746
23,227,0.11782,35.6
23,228,0.1202,35.618
23,229,0.1149,36.12
23,230,0.11146,35.932
23,231,0.1182,36.078
23,232,0.11626,35.872
23,233,0.11211,35.843
23,234,0.1228,36.034
23,235,0.11825,36.332
23,236,0.11998,36.126
23,237,0.12354,36.11
23,238,0.12489,36.374
23,239,0.12656,36.42
23,240,0.11541,35.71
23,241,0.12248,35.958
23,242,0.12246,36.295
23,243,0.12659,36.19
23,244,0.12608,36.125
23,245,0.12685,36.502
23,246,0.1216,36.351
23,247,0.13869,36.767
23,248,0.12641,36.116
23,249,0.13538,36.383
23,250,0.1301,36.284
23,251,0.12853,36.239
23,252,0.12909,36.423
23,253,0.13145,36.347
23,254,0.13397,36.475
23,255,0.13996,36.602
23,256,0.13481,36.306
23,257,0.148,36.931
23,258,0.13873,36.4
23,259,0.13474,36.643
23,260,0.13864,36.723
23,261,0.14578,36.958
23,262,0.14651,36.663
23,263,0.14455,36.662
23,264,0.14444,36.33
23,265,0.13793,36.647
23,266,0.14688,36.906
23,267,0.14714,36.721
23,268,0.15345,37.186
23,269,0.14955,36.58
23,270,0.15677,36.899
23,271,0.15108,36.737
23,272,0.15127,36.976
23,273,0.14992,36.809
23,274,0.15742,36.852
23,275,0.16392,37.311
23,276,0.15693,36.939
23,277,0.1635,37.137
23,278,0.16673,37.313
23,279,0.16334,37.166
23,280,0.17615,37.227
23,281,0.16041,36.997
23,282,0.17166,36.828
23,283,0.15968,36.948
23,284,0.17706,37.458
23,285,0.16522,37.327
23,286,0.17782,37.344
23,287,0.17431,37.417
23,288,0.17611,37.338
23,289,0.17769,37.636
23,290,0.17939,37.185
23,291,0.17218,37.195
23,292,0.18038,37.646
23,293,0.1765,37.504
23,294,0.18592,37.803
23,295,0.18174,37.494
23,296,0.17984,37.869
23,297,0.1884,37.408
23,298,0.1929,37.972
23,299,0.19427,37.762
23,300,0.18934,37.591
23,301,0.20102,37.939
23,302,0.19029,37.647
23,303,0.19438,38.188
23,304,0.19837,38.221
23,305,0.20001,37.978
23,306,0.19633,38.243
23,307,0.2061,38.38
23,308,0.2075,38.056
23,309,0.20653,38.391
23,310,0.21095,38.313
23,311,0.21678,38.531
23,312,0.21591,38.443
23,313,0.21088,38.474
23,314,0.21708,38.501
23,315,0.21255,38.523
23,316,0.21457,38.526
23,317,0.21519,38.216
23,318,0.22259,38.683
23,319,0.22416,38.5
23,320,0.22964,38.767
23,321,0.22787,38.665
23,322,0.22614,38.879
23,323,0.22842,39.049
23,324,0.22966,38.805
23,325,0.23524,38.854
23,326,0.23971,39.144
23,327,0.24117,38.809
23,328,0.2364,38.659
23,329,0.2422,39.47
23,330,0.24509,39.538
23,331,0.24729,39.203
23,332,0.25196,39.227
23,333,0.25266,38.962
23,334,0.2504,38.911
23,335,0.25909,39.187
23,336,0.26409,39.653
23,337,0.26456,39.464
23,338,0.25853,39.377
23,339,0.26961,40.14
23,340,0.26974,39.457
23,341,0.2662,39.336
23,342,0.27197,39.72
23,343,0.27437,39.619
23,344,0.27268,39.811
23,345,0.2818,39.779
23,346,0.28427,40.265
23,347,0.2756,40.179
23,348,0.2903,40.415
23,349,0.286,40.276
23,350,0.39632,52.67110583533369
23,351,0.29848,40.396
23,352,0.29558,40.313
23,353,0.30143,40.435
23,354,0.30033,40.548
23,355,0.30851,40.698
23,356,0.30261,40.408
23,357,0.30853,41.016
23,358,0.31525,40.778
23,359,0.31544,40.814
23,360,0.32361,40.673
23,361,0.32448,40.959
23,362,0.32828,41.313
23,363,0.3268,40.843
23,364,0.33142,41.487
23,365,0.33908,41.342
23,366,0.33632,41.238
23,367,0.33683,41.519
23,368,0.34909,41.585
23,369,0.34644,41.458
23,370,0.34991,41.535
23,371,0.35439,41.949
23,372,0.36109,41.788
23,373,0.36234,42.116
23,374,0.36138,41.991
23,375,0.37345,42.209
23,376,0.36401,41.524
23,377,0.37685,42.363
23,378,0.37992,42.514
23,379,0.37686,42.18
23,380,0.38811,42.764
23,381,0.38907,42.354
23,382,0.39518,42.8
23,383,0.39336,42.349
23,384,0.40368,42.874
23,385,0.40599,43.084
23,386,0.40455,43.103
23,387,0.40963,42.844
23,388,0.41055,43.165
23,389,0.42744,43.587
23,390,0.43226,43.987
23,391,0.4313,43.989
23,392,0.43923,44.104
23,393,0.43005,43.596
23,394,0.43906,44.098
23,395,0.4449,44.357
23,396,0.45087,44.147
23,397,0.45334,44.176
23,398,0.46036,44.372
23,399,0.46191,44.342
23,400,0.47559,45.157
23,401,0.471,44.815
23,402,0.47421,44.658
23,403,0.47785,45.017
23,404,0.48888,45.218
23,405,0.49528,45.065
23,406,0.49527,45.328
23,407,0.50008,45.371
23,408,0.50321,45.699
23,409,0.51516,45.973
23,410,0.5191,45.603
23,411,0.51966,45.695
23,412,0.52572,46.196
23,413,0.52608,45.876
23,414,0.53567,45.965
23,415,0.54341,46.349
23,416,0.55244,46.583
23,417,0.55529,46.731
23,418,0.54904,46.268
23,419,0.56608,47.039
23,420,0.56991,47.331
23,421,0.57793,47.576
23,422,0.57182,47.459
23,423,0.58505,47.441
23,424,0.59812,47.333
23,425,0.59832,47.962
23,426,0.60288,48.055
23,427,0.61415,48.182
23,428,0.61999,48.55
23,429,0.62623,48.629
23,430,0.62659,48.569
23,431,0.63843,48.967
23,432,0.63827,48.953
23,433,0.64588,49.393
23,434,0.65242,48.851
23,435,0.66146,49.515
23,436,0.67076,49.869
23,437,0.67492,49.537
23,438,0.78005,63.11533971489787
23,439,0.68434,49.736
23,440,0.69211,50.199
23,441,0.70997,50.537
23,442,0.70852,50.606
23,443,0.71831,50.9
23,444,0.72202,50.612
23,445,0.73612,51.128
23,446,0.74441,51.164
23,447,0.75001,51.582
23,448,0.74979,51.466
23,449,0.75561,51.903
23,450,0.76624,51.832
23,451,0.7794,51.999
23,452,0.79482,52.43
23,453,0.79443,52.421
23,454,0.80089,52.696
23,455,0.81477,53.089
23,456,0.81728,53.117
23,457,0.82329,53.502
23,458,0.83528,53.468
23,459,0.83815,53.528
23,460,0.8614,54.32
23,461,0.86793,54.381
23,462,0.86194,54.225
23,463,0.88225,54.887
23,464,0.89042,54.753
23,465,0.89939,55.059
23,466,0.9112,55.397
23,467,0.91457,55.612
23,468,0.9251,55.693
23,469,0.93584,56.067
23,470,0.94195,56.175
23,471,0.9616,56.669
23,472,0.96456,56.649
23,473,0.97848,57.175
23,474,0.99349,57.105
23,475,0.99881,57.597
23,476,1.00789,57.853
24,0,0.05903,36.124
24,1,0.05745,36.254
24,2,0.06379,36.334
24,3,0.05908,36.337
24,4,0.05582,35.902
24,5,0.05823,36.053
24,6,0.05614,36.467
24,7,0.0681,36.319
24,8,0.05984,36.152
24,9,0.06396,36.551
24,10,0.05248,36.107
24,11,0.05442,36.411
24,12,0.06147,36.065
24,13,0.05881,36.107
24,14,0.06194,36.449
24,15,0.05531,36.448
24,16,0.06639,36.173
24,17,0.06032,36.544
24,18,0.06503,36.248
24,19,0.06342,36.876
24,20,0.06066,36.083
24,21,0.06099,36.267
24,22,0.05828,36.241
24,23,0.05543,35.95
24,24,0.06355,35.929
24,25,0.0642,35.893
24,26,0.05374,35.943
24,27,0.06189,36.505
24,28,0.06105,36.17
24,29,0.06321,36.097
24,30,0.06153,35.991
24,31,0.06138,36.201
24,32,0.05792,36.177
24,33,0.06185,36.474
24,34,0.05488,36.055
24,35,0.05834,36.328
24,36,0.06448,36.404
24,37,0.05874,36.34
24,38,0.05552,35.739
24,39,0.05663,36.106
24,40,0.06452,35.708
24,41,0.0672,36.394
24,42,0.05573,36.111
24,43,0.06647,36.47
24,44,0.06659,36.08
24,45,0.06063,36.024
24,46,0.06926,36.546
24,47,0.07387,36.436
24,48,0.05969,36.158
24,49,0.0682,36.319
24,50,0.06329,36.293
24,51,0.06305,36.137
24,52,0.06245,36.217
24,53,0.06308,36.457
24,54,0.07026,36.274
24,55,0.06176,36.071
24,56,0.06419,36.188
24,57,0.06451,36.524
24,58,0.05357,36.137
24,59,0.06194,36.333
24,60,0.06032,36.441
24,61,0.06768,36.493
24,62,0.06732,36.222
24,63,0.06179,36.388
24,64,0.06132,36.515
24,65,0.06322,36.372
24,66,0.07304,36.368
24,67,0.06505,36.527
24,68,0.06871,36.339
24,69,0.06298,36.219
24,70,0.07097,36.403
24,71,0.06563,36.245
24,72,0.06828,36.425
24,73,0.06158,36.038
24,74,0.15774,42.033666885064996
24,75,0.06906,36.678
24,76,0.06877,36.517
24,77,0.06567,36.486
24,78,0.06747,36.736
24,79,0.06609,36.61
24,80,0.07013,36.586
24,81,0.05875,36.349
24,82,0.06644,36.261
24,83,0.06118,36.221
24,84,0.06741,36.113
24,85,0.06155,36.329
24,86,0.0711,36.5
24,87,0.07239,36.476
24,88,0.06774,36.198
24,89,0.06189,36.611
24,90,0.07284,36.226
24,91,0.06911,36.394
24,92,0.06758,36.295
24,93,0.17038,42.70951000464299
24,94,0.07066,36.427
24,95,0.06861,36.589
24,96,0.07128,36.481
24,97,0.06948,36.492
24,98,0.06795,36.55
24,99,0.06572,36.25
24,100,0.07267,36.274
24,101,0.06414,36.307
24,102,0.06386,36.027
24,103,0.07388,36.489
24,104,0.07621,36.345
24,105,0.07091,36.538
24,106,0.06683,36.565
24,107,0.07377,36.205
24,108,0.07181,36.557
24,109,0.06983,36.136
24,110,0.07354,36.964
24,111,0.07111,36.776
24,112,0.06989,36.476
24,113,0.07623,36.585
24,114,0.0722,36.634
24,115,0.0812,36.767
24,116,0.07183,36.442
24,117,0.08423,36.807
24,118,0.07203,36.256
24,119,0.06737,36.445
24,120,0.07756,36.539
24,121,0.07515,36.326
24,122,0.07602,36.678
24,123,0.07362,36.861
24,124,0.0727,36.558
24,125,0.07972,36.655
24,126,0.07587,36.292
24,127,0.08234,36.7
24,128,0.07936,36.797
24,129,0.075,36.517
24,130,0.08316,36.531
24,131,0.08664,36.689
24,132,0.07373,36.552
24,133,0.0876,36.479
24,134,0.07852,36.737
24,135,0.07955,36.743
24,136,0.07688,36.482
24,137,0.07949,36.439
24,138,0.08025,36.606
24,139,0.07889,36.715
24,140,0.07384,36.483
24,141,0.09075,36.72
24,142,0.08698,36.857
24,143,0.07979,36.408
24,144,0.08313,37.044
24,145,0.08139,36.695
24,146,0.08737,36.924
24,147,0.07743,36.635
24,148,0.09016,36.916
24,149,0.07354,36.599
24,150,0.08411,36.411
24,151,0.0786,36.839
24,152,0.0828,36.564
24,153,0.086,36.694
24,154,0.08697,36.806
24,155,0.0822,36.629
24,156,0.08921,36.909
24,157,0.08755,37.248
24,158,0.09125,37.12
24,159,0.18812,48.71014328725319
24,160,0.08752,37.015
24,161,0.08927,36.946
24,162,0.09083,36.936
24,163,0.10242,37.086
24,164,0.08845,37.021
24,165,0.08926,36.843
24,166,0.0878,36.964
24,167,0.09467,36.969
24,168,0.09602,36.693
24,169,0.09086,36.906
24,170,0.08952,36.558
24,171,0.09351,37.143
24,172,0.10042,37.062
24,173,0.09877,37.259
24,174,0.10127,37.122
24,175,0.08977,36.928
24,176,0.09348,36.859
24,177,0.09691,37.019
24,178,0.09927,37.284
24,179,0.09783,37.188
24,180,0.09996,37.347
24,181,0.09976,37.14
24,182,0.09964,37.12
24,183,0.09863,36.952
24,184,0.10551,37.078
24,185,0.10178,37.407
24,186,0.1023,37.383
24,187,0.10201,37.0
24,188,0.09867,37.392
24,189,0.10118,37.339
24,190,0.10242,37.483
24,191,0.11595,37.21
24,192,0.1035,37.401
24,193,0.11061,37.573
24,194,0.107,37.728
24,195,0.11051,37.172
24,196,0.10977,37.157
24,197,0.11791,37.462
24,198,0.11429,37.413
24,199,0.11064,37.037
24,200,0.11629,37.815
24,201,0.11104,37.119
24,202,0.11873,37.285
24,203,0.12122,37.494
24,204,0.11277,37.52
24,205,0.11388,37.356
24,206,0.12031,37.167
24,207,0.12634,37.807
24,208,0.11548,37.332
24,209,0.12552,37.899
24,210,0.12801,37.702
24,211,0.12457,37.841
24,212,0.1271,38.042
24,213,0.12239,37.68
24,214,0.12378,37.726
24,215,0.12999,37.556
24,216,0.13262,37.722
24,217,0.12795,38.086
24,218,0.13151,37.991
24,219,0.1265,37.594
24,220,0.13603,37.915
24,221,0.13135,38.112
24,222,0.1302,37.945
24,223,0.13565,38.023
24,224,0.13451,37.88
24,225,0.13338,38.065
24,226,0.13616,38.23
24,227,0.13908,37.895
24,228,0.14018,38.051
24,229,0.14635,38.209
24,230,0.1424,38.469
24,231,0.14675,38.625
24,232,0.15098,38.217
24,233,0.15115,38.703
24,234,0.15458,38.679
24,235,0.1536,38.397
24,236,0.14767,38.244
24,237,0.14568,38.535
24,238,0.15254,38.69
24,239,0.15009,38.589
24,240,0.15441,38.22
24,241,0.16428,38.937
24,242,0.16003,38.62
24,243,0.16236,38.709
24,244,0.15888,38.503
24,245,0.17136,39.422
24,246,0.17125,38.98
24,247,0.16515,38.577
24,248,0.1651,38.625
24,249,0.17818,39.413
24,250,0.17413,38.762
24,251,0.1763,38.959
24,252,0.16573,38.808
24,253,0.17261,38.756
24,254,0.17663,38.915
24,255,0.17917,39.06
24,256,0.1735,39.243
24,257,0.1788,38.877
24,258,0.18317,39.151
24,259,0.19209,39.442
24,260,0.19031,39.401
24,261,0.19079,39.419
24,262,0.18398,39.143
24,263,0.19823,40.326
24,264,0.19066,39.439
24,265,0.19512,39.871
24,266,0.19394,39.558
24,267,0.1957,39.412
24,268,0.20319,39.871
24,269,0.20105,39.738
24,270,0.20749,39.816
24,271,0.21334,39.646
24,272,0.21486,39.826
24,273,0.21815,40.086
24,274,0.2151,39.827
24,275,0.22143,40.35
24,276,0.21824,39.794
24,277,0.22541,39.905
24,278,0.21971,39.844
24,279,0.22559,39.932
24,280,0.22186,39.881
24,281,0.23457,40.162
24,282,0.23306,40.769
24,283,0.23668,40.536
24,284,0.23559,40.873
24,285,0.23973,40.495
24,286,0.24972,40.746
24,287,0.24724,40.666
24,288,0.24858,40.829
24,289,0.25455,40.771
24,290,0.25198,40.715
24,291,0.25218,40.524
24,292,0.26175,41.261
24,293,0.26685,40.72
24,294,0.26524,40.937
24,295,0.26969,41.182
24,296,0.27441,41.376
24,297,0.26743,41.017
24,298,0.27805,41.486
24,299,0.27546,41.098
24,300,0.2844,41.34
24,301,0.28064,41.441
24,302,0.28854,41.546
24,303,0.29091,41.781
24,304,0.29411,41.87
24,305,0.29878,42.002
24,306,0.30717,42.34
24,307,0.31222,42.462
24,308,0.31147,42.189
24,309,0.31246,42.124
24,310,0.31758,42.563
24,311,0.31825,42.432
24,312,0.32209,42.575
24,313,0.3263,42.487
24,314,0.32952,42.813
24,315,0.33565,42.775
24,316,0.34093,42.905
24,317,0.34829,42.972
24,318,0.34699,42.854
24,319,0.35036,42.881
24,320,0.3588,43.574
24,321,0.36307,43.53
24,322,0.36059,43.304
24,323,0.37446,44.086
24,324,0.37312,43.664
24,325,0.38245,43.854
24,326,0.3823,44.259
24,327,0.38251,44.16
24,328,0.39247,44.227
24,329,0.39101,44.055
24,330,0.4008,44.152
24,331,0.40488,44.643
24,332,0.41308,44.454
24,333,0.41926,45.222
24,334,0.42055,44.706
24,335,0.42258,44.954
24,336,0.43003,45.148
24,337,0.43519,45.25
24,338,0.44032,45.3
24,339,0.44317,45.346
24,340,0.45752,46.101
24,341,0.45748,46.072
24,342,0.46394,46.0
24,343,0.46028,45.822
24,344,0.47059,45.898
24,345,0.4717,46.25
24,346,0.48473,46.233
24,347,0.48631,46.737
24,348,0.49173,46.67
24,349,0.50052,46.949
24,350,0.50396,46.949
24,351,0.51426,47.226
24,352,0.52018,47.393
24,353,0.535,48.194
24,354,0.53013,47.101
24,355,0.54161,47.879
24,356,0.5501,48.104
24,357,0.55282,48.339
24,358,0.56447,48.118
24,359,0.56304,48.339
24,360,0.5737,48.573
24,361,0.58214,49.021
24,362,0.59449,49.237
24,363,0.59149,49.019
24,364,0.60199,49.405
24,365,0.61134,49.939
24,366,0.61554,49.707
24,367,0.63451,49.972
24,368,0.63348,49.875
24,369,0.64114,50.093
24,370,0.65302,50.566
24,371,0.65323,50.71
24,372,0.66594,51.039
24,373,0.66898,50.996
24,374,0.68514,51.229
24,375,0.6856,51.316
24,376,0.70426,52.001
24,377,0.70645,51.572
24,378,0.71539,51.951
24,379,0.72797,52.328
24,380,0.73236,52.676
24,381,0.74526,52.854
24,382,0.74724,52.33
24,383,0.75797,52.979
24,384,0.77573,53.036
24,385,0.78964,53.875
24,386,0.79869,53.882
24,387,0.80537,54.238
24,388,0.81688,54.453
24,389,0.82589,54.938
24,390,0.83193,54.912
24,391,0.83766,55.143
24,392,0.86385,55.387
24,393,0.86664,55.879
24,394,0.87826,56.017
24,395,0.88784,56.13
24,396,0.90049,56.53
24,397,0.9077,56.683
24,398,0.93044,57.162
24,399,0.93112,57.232
24,400,0.94528,57.337
24,401,0.96093,57.841
24,402,0.97028,58.24
24,403,0.97922,58.077
24,404,1.00078,58.561
25,0,0.0473,31.661
25,1,0.04763,32.135
25,2,0.05433,32.646
25,3,0.0465,32.211
25,4,0.04899,32.094
25,5,0.04769,32.031
25,6,0.04755,32.387
25,7,0.04893,32.44
25,8,0.0446,31.412
25,9,0.04646,31.86
25,10,0.04246,32.183
25,11,0.04321,32.059
25,12,0.05674,32.067
25,13,0.04789,32.335
25,14,0.04729,32.115
25,15,0.05164,32.198
25,16,0.04742,31.896
25,17,0.04498,32.108
25,18,0.04687,32.277
25,19,0.0,22.903367216587895
25,20,0.05274,32.604
25,21,0.04652,32.269
25,22,0.05234,32.373
25,23,0.04722,32.428
25,24,0.04772,32.189
25,25,0.05031,32.235
25,26,0.04679,31.791
25,27,0.15204,45.065601190824886
25,28,0.04945,32.215
25,29,0.04525,32.237
25,30,0.05188,32.322
25,31,0.05369,32.333
25,32,0.04697,32.274
25,33,0.05304,32.105
25,34,0.05163,32.235
25,35,0.05304,32.319
25,36,0.05913,32.152
25,37,0.05572,32.248
25,38,0.05749,32.641
25,39,0.0539,32.347
25,40,0.05819,32.534
25,41,0.05857,32.285
25,42,0.05169,31.937
25,43,0.05319,32.187
25,44,0.05362,32.313
25,45,0.0565,32.277
25,46,0.05604,32.444
25,47,0.0,22.41320708004069
25,48,0.05268,32.478
25,49,0.05604,32.291
25,50,0.04846,32.211
25,51,0.05625,32.319
25,52,0.05576,32.396
25,53,0.05969,32.471
25,54,0.06193,32.289
25,55,0.05456,32.321
25,56,0.05985,32.481
25,57,0.05234,31.941
25,58,0.05703,31.946
25,59,0.05911,32.344
25,60,0.0547,32.133
25,61,0.0591,32.06
25,62,0.05655,32.239
25,63,0.05808,32.277
25,64,0.06503,32.703
25,65,0.05734,32.105
25,66,0.05859,32.591
25,67,0.05207,32.191
25,68,0.05969,32.613
25,69,0.06519,32.224
25,70,0.0664,32.083
25,71,0.06443,32.638
25,72,0.06908,32.665
25,73,0.06005,32.182
25,74,0.06893,32.955
25,75,0.06168,32.43
25,76,0.06932,32.78
25,77,0.06352,32.322
25,78,0.06131,32.607
25,79,0.06362,32.395
25,80,0.06795,32.606
25,81,0.06749,32.513
25,82,0.0649,32.364
25,83,0.06965,32.652
25,84,0.06843,32.399
25,85,0.0705,32.719
25,86,0.07111,32.742
25,87,0.06981,32.275
25,88,0.0737,32.477
25,89,0.07378,32.728
25,90,0.06371,32.462
25,91,0.06465,32.725
25,92,0.0691,32.412
25,93,0.07434,32.749
25,94,0.07431,32.734
25,95,0.0774,32.758
25,96,0.06703,32.347
25,97,0.07564,32.66
25,98,0.07961,32.662
25,99,0.07914,32.797
25,100,0.08089,33.03
25,101,0.07704,32.961
25,102,0.08179,32.943
25,103,0.07001,32.884
25,104,0.07707,33.341
25,105,0.0764,32.735
25,106,0.08245,33.122
25,107,0.08184,32.842
25,108,0.07619,32.671
25,109,0.07547,33.2
25,110,0.07815,32.798
25,111,0.08574,33.057
25,112,0.08134,32.911
25,113,0.08202,32.908
25,114,0.08678,32.876
25,115,0.09032,33.191
25,116,0.08445,32.959
25,117,0.09226,33.391
25,118,0.08937,33.031
25,119,0.09152,33.21
25,120,0.09708,33.346
25,121,0.09769,33.408
25,122,0.08769,33.767
25,123,0.08694,32.692
25,124,0.08534,33.594
25,125,0.10306,33.539
25,126,0.09725,33.408
25,127,0.08939,33.443
25,128,0.10276,33.256
25,129,0.09974,33.408
25,130,0.09861,33.257
25,131,0.10003,33.325
25,132,0.10578,33.576
25,133,0.09982,33.42
25,134,0.10311,33.475
25,135,0.10749,33.571
25,136,0.10362,33.253
25,137,0.10702,33.862
25,138,0.10772,33.531
25,139,0.10637,33.252
25,140,0.11531,33.928
25,141,0.11491,33.87
25,142,0.10986,33.625
25,143,0.11235,33.67
25,144,0.114,34.017
25,145,0.12505,33.911
25,146,0.11762,33.935
25,147,0.11574,33.853
25,148,0.12246,34.002
25,149,0.12497,34.084
25,150,0.11244,33.563
25,151,0.13109,34.348
25,152,0.11545,33.532
25,153,0.13125,34.133
25,154,0.1191,34.142
25,155,0.13437,34.164
25,156,0.13805,34.268
25,157,0.13221,34.176
25,158,0.12877,34.266
25,159,0.14012,34.389
25,160,0.14258,34.227
25,161,0.14424,34.653
25,162,0.14051,34.573
25,163,0.14155,34.739
25,164,0.14902,34.786
25,165,0.14693,34.814
25,166,0.1555,35.205
25,167,0.15044,34.915
25,168,0.16018,34.957
25,169,0.16223,35.091
25,170,0.15457,34.717
25,171,0.15495,34.861
25,172,0.1622,35.096
25,173,0.17044,35.271
25,174,0.16612,35.121
25,175,0.162,35.19
25,176,0.17108,35.307
25,177,0.17319,35.372
25,178,0.1711,35.292
25,179,0.17632,35.436
25,180,0.17711,35.545
25,181,0.18373,35.364
25,182,0.18995,35.683
25,183,0.1873,35.876
25,184,0.19564,35.841
25,185,0.19445,36.04
25,186,0.20176,36.113
25,187,0.20135,35.901
25,188,0.19622,36.061
25,189,0.20189,35.913
25,190,0.21059,36.297
25,191,0.21188,36.103
25,192,0.21034,36.646
25,193,0.21441,36.385
25,194,0.2211,36.387
25,195,0.22873,36.803
25,196,0.2256,36.933
25,197,0.23348,37.319
25,198,0.23142,37.31
25,199,0.23915,37.412
25,200,0.24397,37.072
25,201,0.24022,36.741
25,202,0.23909,36.95
25,203,0.25585,37.412
25,204,0.25179,37.545
25,205,0.25482,37.853
25,206,0.26107,37.834
25,207,0.26523,37.762
25,208,0.27452,38.046
25,209,0.28004,37.988
25,210,0.27299,37.611
25,211,0.2874,38.518
25,212,0.28559,38.35
25,213,0.29528,38.506
25,214,0.28839,38.014
25,215,0.29555,38.572
25,216,0.30075,38.894
25,217,0.30408,38.636
25,218,0.30664,38.753
25,219,0.31878,39.375
25,220,0.32415,39.449
25,221,0.3327,39.603
25,222,0.33018,39.539
25,223,0.3449,39.781
25,224,0.34644,39.99
25,225,0.34812,40.116
25,226,0.35352,40.16
25,227,0.35966,40.239
25,228,0.37001,40.112
25,229,0.3745,40.761
25,230,0.3756,40.642
25,231,0.37995,40.602
25,232,0.39101,41.577
25,233,0.39876,41.085
25,234,0.4055,41.547
25,235,0.40189,41.273
25,236,0.41474,41.697
25,237,0.42181,41.888
25,238,0.42494,41.875
25,239,0.43448,42.422
25,240,0.43974,42.279
25,241,0.44822,42.867
25,242,0.55954,50.58751369043959
25,243,0.46584,42.809
25,244,0.47278,43.466
25,245,0.47154,42.959
25,246,0.48776,43.506
25,247,0.49589,43.782
25,248,0.49635,43.935
25,249,0.50592,44.102
25,250,0.51777,44.852
25,251,0.52758,44.699
25,252,0.53891,44.993
25,253,0.54536,44.896
25,254,0.55396,44.946
25,255,0.56545,46.204
25,256,0.57346,45.898
25,257,0.57597,45.733
25,258,0.59534,46.114
25,259,0.5986,46.602
25,260,0.61468,46.888
25,261,0.62204,47.127
25,262,0.6269,47.215
25,263,0.64327,47.641
25,264,0.64525,48.017
25,265,0.65942,48.096
25,266,0.67611,48.428
25,267,0.68703,48.65
25,268,0.70607,49.251
25,269,0.7127,49.259
25,270,0.72383,49.625
25,271,0.72742,49.649
25,272,0.74186,50.263
25,273,0.76923,51.505
25,274,0.76913,51.147
25,275,0.77833,50.775
25,276,0.79662,51.784
25,277,0.81301,52.32
25,278,0.82218,52.359
25,279,0.84065,53.067
25,280,0.84785,53.059
25,281,0.86843,53.585
25,282,0.87796,53.806
25,283,0.89744,54.163
25,284,0.90567,54.943
25,285,0.92661,55.267
25,286,0.94238,55.703
25,287,0.95781,56.014
25,288,0.9693,55.845
25,289,0.98836,56.412
25,290,0.99861,57.026
25,291,1.01712,57.64
26,0,0.07708,33.251
26,1,0.08068,33.15
26,2,0.07777,33.074
26,3,0.07599,32.94
26,4,0.07707,32.844
26,5,0.08249,32.813
26,6,0.08731,33.389
26,7,0.0709,32.766
26,8,0.07748,33.051
26,9,0.07434,32.902
26,10,0.07795,32.836
26,11,0.07508,33.097
26,12,0.07195,32.932
26,13,0.08207,33.041
26,14,0.07925,33.248
26,15,0.07637,32.825
26,16,0.07737,33.203
26,17,0.08468,32.87
26,18,0.0837,33.289
26,19,0.08605,33.26
26,20,0.07983,33.259
26,21,0.08297,33.556
26,22,0.08418,33.167
26,23,0.07583,32.816
26,24,0.07496,32.868
26,25,0.08459,33.146
26,26,0.08515,33.228
26,27,0.07964,33.043
26,28,0.08333,33.144
26,29,0.08223,32.935
26,30,0.08009,33.488
26,31,0.08694,32.909
26,32,0.07275,32.872
26,33,0.086,33.077
26,34,0.08672,33.211
26,35,0.08219,33.239
26,36,0.08092,32.999
26,37,0.08595,33.174
26,38,0.09112,33.445
26,39,0.08622,33.177
26,40,0.08743,33.152
26,41,0.08529,32.98
26,42,0.08855,33.302
26,43,0.09256,33.82
26,44,0.18792,41.10744141807877
26,45,0.08132,33.247
26,46,0.08619,33.293
26,47,0.09252,33.176
26,48,0.0,22.670225076947965
26,49,0.08939,33.375
26,50,0.08279,33.254
26,51,0.08183,32.911
26,52,0.08644,33.081
26,53,0.09073,33.354
26,54,0.09451,33.34
26,55,0.08724,33.454
26,56,0.08765,33.52
26,57,0.09047,32.82
26,58,0.09331,33.543
26,59,0.0927,32.963
26,60,0.08654,33.077
26,61,0.08614,33.533
26,62,0.08976,33.266
26,63,0.09233,33.45
26,64,0.07711,32.834
26,65,0.08512,33.24
26,66,0.08994,33.281
26,67,0.08312,33.049
26,68,0.09623,33.714
26,69,0.09499,33.134
26,70,0.0975,33.608
26,71,0.09235,32.932
26,72,0.09699,33.332
26,73,0.09493,33.414
26,74,0.10007,33.501
26,75,0.09423,33.699
26,76,0.09204,33.492
26,77,0.09427,33.183
26,78,0.09546,33.551
26,79,0.10127,33.85
26,80,0.09508,33.206
26,81,0.09539,33.175
26,82,0.09621,33.363
26,83,0.10042,33.093
26,84,0.095,33.257
26,85,0.10312,33.378
26,86,0.09972,33.492
26,87,0.10343,33.728
26,88,0.1002,33.418
26,89,0.09277,33.396
26,90,0.10277,33.277
26,91,0.09618,33.481
26,92,0.10296,33.399
26,93,0.09979,33.152
26,94,0.1081,33.463
26,95,0.10526,33.646
26,96,0.10876,33.581
26,97,0.10437,33.292
26,98,0.0969,33.567
26,99,0.09804,33.431
26,100,0.10977,33.913
26,101,0.10362,33.295
26,102,0.10887,34.01
26,103,0.10475,33.48
26,104,0.10588,33.783
26,105,0.11348,33.607
26,106,0.10316,34.07
26,107,0.10905,33.797
26,108,0.1076,33.808
26,109,0.11482,33.948
26,110,0.11858,33.914
26,111,0.1112,33.845
26,112,0.11476,33.932
26,113,0.10842,33.793
26,114,0.11272,33.72
26,115,0.11503,33.7
26,116,0.11104,33.272
26,117,0.12327,34.206
26,118,0.11652,33.796
26,119,0.1062,33.531
26,120,0.12129,34.235
26,121,0.12174,34.089
26,122,0.12513,34.075
26,123,0.12502,34.061
26,124,0.11793,33.762
26,125,0.11798,34.097
26,126,0.12006,33.809
26,127,0.12669,34.244
26,128,0.1285,34.325
26,129,0.12247,34.09
26,130,0.12683,33.998
26,131,0.12276,33.946
26,132,0.1362,34.329
26,133,0.13386,34.26
26,134,0.13338,34.523
26,135,0.13454,34.448
26,136,0.13716,34.511
26,137,0.13944,34.167
26,138,0.13493,34.437
26,139,0.13075,34.394
26,140,0.12951,34.117
26,141,0.12847,34.534
26,142,0.13654,34.853
26,143,0.1417,34.636
26,144,0.13718,34.226
26,145,0.14266,34.556
26,146,0.13628,34.11
26,147,0.13889,34.842
26,148,0.15267,34.856
26,149,0.14553,34.573
26,150,0.14232,34.837
26,151,0.1547,34.686
26,152,0.14804,34.612
26,153,0.14787,34.935
26,154,0.14551,34.733
26,155,0.15488,34.841
26,156,0.15678,34.945
26,157,0.15933,34.674
26,158,0.15433,34.842
26,159,0.14633,34.443
26,160,0.15508,35.064
26,161,0.15683,34.754
26,162,0.16428,34.776
26,163,0.15409,34.778
26,164,0.15797,34.663
26,165,0.16747,35.353
26,166,0.16976,35.456
26,167,0.17302,34.888
26,168,0.17133,35.167
26,169,0.16803,35.304
26,170,0.16562,34.782
26,171,0.17661,35.499
26,172,0.17618,35.215
26,173,0.1802,35.626
26,174,0.17917,35.229
26,175,0.17876,35.622
26,176,0.18743,35.602
26,177,0.1828,35.521
26,178,0.1866,35.531
26,179,0.17566,35.617
26,180,0.19617,35.759
26,181,0.18651,35.617
26,182,0.19183,35.974
26,183,0.19464,35.685
26,184,0.29101,48.9484090739099
26,185,0.20057,36.201
26,186,0.19622,36.25
26,187,0.19506,35.996
26,188,0.19637,35.728
26,189,0.21226,36.442
26,190,0.20586,36.015
26,191,0.21051,36.336
26,192,0.21721,36.306
26,193,0.20789,36.2
26,194,0.21466,36.074
26,195,0.21987,36.42
26,196,0.22213,36.339
26,197,0.2251,36.327
26,198,0.22213,36.469
26,199,0.23473,36.983
26,200,0.23443,37.102
26,201,0.24692,37.133
26,202,0.24062,37.173
26,203,0.24138,37.344
26,204,0.23822,36.812
26,205,0.24371,37.01
26,206,0.24628,37.422
26,207,0.2457,37.034
26,208,0.25096,37.179
26,209,0.2453,36.969
26,210,0.25843,37.695
26,211,0.25383,37.063
26,212,0.26138,37.064
26,213,0.26233,37.156
26,214,0.27248,37.598
26,215,0.27655,38.074
26,216,0.27034,37.485
26,217,0.27517,37.797
26,218,0.2804,37.79
26,219,0.28511,38.114
26,220,0.28393,37.89
26,221,0.28776,37.963
26,222,0.29198,38.247
26,223,0.2961,38.684
26,224,0.29787,38.575
26,225,0.30272,38.445
26,226,0.30478,38.531
26,227,0.30988,38.476
26,228,0.30645,38.715
26,229,0.31951,39.053
26,230,0.3202,39.075
26,231,0.32615,39.224
26,232,0.32362,38.786
26,233,0.32933,39.141
26,234,0.3338,38.879
26,235,0.34559,39.489
26,236,0.34339,39.738
26,237,0.33738,39.24
26,238,0.34933,39.568
26,239,0.35436,40.048
26,240,0.36199,40.137
26,241,0.36378,39.709
26,242,0.35964,39.582
26,243,0.37383,40.242
26,244,0.37604,40.216
26,245,0.38949,40.455
26,246,0.38979,40.627
26,247,0.39053,40.88
26,248,0.40139,40.863
26,249,0.40357,41.037
26,250,0.40532,41.048
26,251,0.40752,41.0
26,252,0.413,41.376
26,253,0.42007,41.109
26,254,0.42277,40.795
26,255,0.42897,41.594
26,256,0.43576,42.149
26,257,0.44405,42.063
26,258,0.4407,41.801
26,259,0.45093,41.968
26,260,0.45536,41.872
26,261,0.45922,42.503
26,262,0.46961,42.482
26,263,0.4761,42.976
26,264,0.48217,42.999
26,265,0.48489,42.834
26,266,0.4959,43.606
26,267,0.5065,43.604
26,268,0.50779,43.799
26,269,0.51685,43.282
26,270,0.51604,43.789
26,271,0.51979,43.633
26,272,0.53092,44.034
26,273,0.53945,44.237
26,274,0.55089,44.522
26,275,0.45313000000000003,29.899257057612317
26,276,0.56596,44.81
26,277,0.56481,44.959
26,278,0.5735,45.024
26,279,0.58512,45.349
26,280,0.60096,45.787
26,281,0.60192,45.437
26,282,0.60386,45.656
26,283,0.61146,46.143
26,284,0.62751,46.522
26,285,0.63067,46.404
26,286,0.64436,47.28
26,287,0.64889,47.165
26,288,0.65831,47.359
26,289,0.66098,47.176
26,290,0.67605,47.885
26,291,0.68016,47.337
26,292,0.69054,48.2
26,293,0.69543,47.882
26,294,0.71175,48.494
26,295,0.72301,48.548
26,296,0.72898,49.179
26,297,0.7353,49.39
26,298,0.74574,49.52
26,299,0.7586,49.437
26,300,0.76833,50.013
26,301,0.78067,50.43
26,302,0.79698,50.37
26,303,0.7969,50.344
26,304,0.80918,51.126
26,305,0.82603,51.209
26,306,0.83492,51.817
26,307,0.85393,52.054
26,308,0.84717,51.896
26,309,0.87322,52.52
26,310,0.88424,52.816
26,311,0.88842,52.67
26,312,0.90427,53.449
26,313,0.91488,53.587
26,314,0.93172,54.226
26,315,0.94309,53.836
26,316,0.95879,55.0
26,317,0.97218,54.743
26,318,0.97833,54.86
26,319,1.00419,55.619
27,0,0.07644,32.801
27,1,0.07469,32.575
27,2,0.07469,32.532
27,3,0.07681,32.459
27,4,0.07335,32.464
27,5,0.08233,32.399
27,6,0.07343,32.949
27,7,0.07281,32.232
27,8,0.08241,32.891
27,9,0.06722,32.342
27,10,0.07621,32.407
27,11,0.0817,32.519
27,12,0.07505,32.341
27,13,0.07577,32.494
27,14,0.08252,32.697
27,15,0.07723,32.575
27,16,0.08047,32.67
27,17,0.07474,32.482
27,18,0.06899,32.545
27,19,0.08366,32.821
27,20,0.08259,32.598
27,21,0.07467,32.144
27,22,0.08177,32.44
27,23,0.07631,32.485
27,24,0.07772,32.532
27,25,0.07071,32.239
27,26,0.08131,32.492
27,27,0.07463,32.585
27,28,0.07646,32.481
27,29,0.07739,32.47
27,30,0.08442,32.778
27,31,0.07349,32.288
27,32,0.0768,32.497
27,33,0.08217,32.608
27,34,0.07862,32.057
27,35,0.08398,32.618
27,36,0.0798,32.588
27,37,0.07577,32.376
27,38,0.07582,32.703
27,39,0.07012,32.079
27,40,0.07781,32.781
27,41,0.08202,32.27
27,42,0.07881,32.653
27,43,0.08827,32.702
27,44,0.07471,32.46
27,45,0.07936,32.617
27,46,0.08239,32.672
27,47,0.08183,32.919
27,48,0.07865,32.26
27,49,0.08116,32.318
27,50,0.07552,32.254
27,51,0.0751,32.64
27,52,0.08039,32.694
27,53,0.08234,32.564
27,54,0.08424,32.562
27,55,0.07983,32.395
27,56,0.0862,32.692
27,57,0.0831,32.511
27,58,0.0842,32.812
27,59,0.07442,32.389
27,60,0.0815,32.523
27,61,0.08668,32.483
27,62,0.07946,32.357
27,63,0.08548,32.487
27,64,0.07415,32.467
27,65,0.08104,32.779
27,66,0.08496,32.67
27,67,0.07606,32.193
27,68,0.07486,32.372
27,69,0.07944,32.49
27,70,0.08289,33.001
27,71,0.08465,32.684
27,72,0.07619,32.442
27,73,0.0861,32.788
27,74,0.07852,32.426
27,75,0.08313,32.547
27,76,0.0805,32.126
27,77,0.08003,32.593
27,78,0.08674,32.743
27,79,0.08762,32.736
27,80,0.08001,32.447
27,81,0.08566,32.644
27,82,0.08124,32.264
27,83,0.08038,32.473
27,84,0.08178,32.396
27,85,0.09048,32.951
27,86,0.09317,32.584
27,87,0.08581,32.615
27,88,0.08479,33.044
27,89,0.07791,32.37
27,90,0.08204,32.484
27,91,0.0,22.020192828409122
27,92,0.09065,32.952
27,93,0.08017,32.602
27,94,0.08915,32.872
27,95,0.08566,32.98
27,96,0.08319,32.596
27,97,0.08871,32.846
27,98,0.08862,32.886
27,99,0.08866,32.708
27,100,0.08395,32.678
27,101,0.09297,32.895
27,102,0.08951,32.827
27,103,0.09543,32.94
27,104,0.0899,32.671
27,105,0.0832,32.629
27,106,0.0926,33.016
27,107,0.07973,32.681
27,108,0.08215,32.769
27,109,0.09066,32.806
27,110,0.09159,32.809
27,111,0.08949,32.516
27,112,0.08808,32.949
27,113,0.08399,32.816
27,114,0.08146,32.344
27,115,0.0885,32.807
27,116,0.08769,32.634
27,117,0.09463,33.183
27,118,0.08873,32.704
27,119,0.08951,33.248
27,120,0.09096,33.158
27,121,0.09406,32.909
27,122,0.08878,32.94
27,123,0.08847,32.698
27,124,0.09449,32.894
27,125,0.09053,32.771
27,126,0.08961,32.897
27,127,0.09276,32.623
27,128,0.09093,32.77
27,129,0.09164,32.983
27,130,0.09059,33.375
27,131,0.09921,33.348
27,132,0.08981,32.406
27,133,0.09286,32.955
27,134,0.09385,32.818
27,135,0.08782,32.623
27,136,0.0941,32.832
27,137,0.09336,32.751
27,138,0.10227,33.298
27,139,0.09978,33.142
27,140,0.09091,32.991
27,141,0.10195,33.446
27,142,0.09936,33.076
27,143,0.09717,33.119
27,144,0.09094,32.971
27,145,0.09588,33.422
27,146,0.09695,33.048
27,147,0.09906,32.929
27,148,0.10064,33.18
27,149,0.10324,33.327
27,150,0.10024,32.936
27,151,0.09668,33.333
27,152,0.10054,33.524
27,153,0.09727,33.457
27,154,0.09713,32.927
27,155,0.10304,33.377
27,156,0.10436,32.831
27,157,0.09973,32.857
27,158,0.09687,33.004
27,159,0.09434,33.137
27,160,0.10615,33.587
27,161,0.0993,32.881
27,162,0.10817,33.545
27,163,0.10977,33.594
27,164,0.10566,33.158
27,165,0.10814,33.23
27,166,0.10604,33.184
27,167,0.10711,33.538
27,168,0.10507,33.133
27,169,0.10648,33.037
27,170,0.11001,33.393
27,171,0.10766,33.37
27,172,0.10236,33.439
27,173,0.10663,33.202
27,174,0.11264,33.564
27,175,0.11765,33.387
27,176,0.10638,33.03
27,177,0.11115,33.347
27,178,0.10832,33.31
27,179,0.10747,33.609
27,180,0.1093,33.236
27,181,0.10306,32.849
27,182,0.11077,33.33
27,183,0.11653,33.25
27,184,0.11599,33.659
27,185,0.11742,33.781
27,186,0.11061,33.494
27,187,0.12286,34.004
27,188,0.12393,33.802
27,189,0.11456,32.989
27,190,0.11252,33.334
27,191,0.11669,33.396
27,192,0.12002,33.685
27,193,0.11942,33.786
27,194,0.11798,33.809
27,195,0.11565,33.464
27,196,0.12235,33.326
27,197,0.11969,33.779
27,198,0.12063,33.298
27,199,0.11943,33.36
27,200,0.12561,33.823
27,201,0.11804,33.263
27,202,0.12205,33.708
27,203,0.12293,33.796
27,204,0.12757,33.96
27,205,0.12134,33.627
27,206,0.132,33.842
27,207,0.12515,33.69
27,208,0.12707,33.865
27,209,0.12752,33.449
27,210,0.13533,34.169
27,211,0.13193,33.955
27,212,0.1308,33.783
27,213,0.12535,34.118
27,214,0.13371,33.701
27,215,0.13031,33.991
27,216,0.13635,33.947
27,217,0.13171,33.854
27,218,0.12912,33.802
27,219,0.1358,34.386
27,220,0.1367,34.156
27,221,0.14574,34.142
27,222,0.13771,34.026
27,223,0.13438,33.989
27,224,0.14661,34.548
27,225,0.14758,34.279
27,226,0.13924,34.627
27,227,0.14553,34.027
27,228,0.15584,34.616
27,229,0.13474,34.343
27,230,0.13824,34.206
27,231,0.15182,34.659
27,232,0.15565,34.832
27,233,0.15784,34.67
27,234,0.14976,34.397
27,235,0.15792,34.563
27,236,0.15684,34.49
27,237,0.15113,34.741
27,238,0.15729,34.242
27,239,0.1532,34.047
27,240,0.15619,34.589
27,241,0.15689,34.904
27,242,0.16155,35.285
27,243,0.16316,34.946
27,244,0.16325,34.784
27,245,0.16071,34.721
27,246,0.16372,34.832
27,247,0.1682,35.035
27,248,0.16479,34.733
27,249,0.16896,34.811
27,250,0.16759,34.852
27,251,0.18024,35.052
27,252,0.16863,34.875
27,253,0.17126,35.259
27,254,0.17335,34.852
27,255,0.1814,35.392
27,256,0.17868,35.394
27,257,0.17341,35.117
27,258,0.18298,35.255
27,259,0.1823,35.473
27,260,0.17663,35.001
27,261,0.17474,35.201
27,262,0.19285,35.516
27,263,0.18599,35.668
27,264,0.18929,35.362
27,265,0.19582,35.776
27,266,0.19029,35.554
27,267,0.19511,35.595
27,268,0.20058,36.12
27,269,0.19589,35.751
27,270,0.19406,35.561
27,271,0.1945,35.66
27,272,0.20092,35.559
27,273,0.20507,35.818
27,274,0.20563,36.169
27,275,0.2109,36.372
27,276,0.21401,36.402
27,277,0.20979,36.028
27,278,0.21039,36.465
27,279,0.21186,36.178
27,280,0.22035,36.367
27,281,0.21309,36.44
27,282,0.21481,36.341
27,283,0.2209,36.492
27,284,0.2122,36.345
27,285,0.22356,36.625
27,286,0.22775,36.681
27,287,0.32611999999999997,50.47891136007626
27,288,0.22949,36.7
27,289,0.23003,36.869
27,290,0.23246,36.551
27,291,0.23822,37.283
27,292,0.23327,36.745
27,293,0.24432,37.189
27,294,0.2447,37.091
27,295,0.33376,46.046038949858
27,296,0.2481,37.404
27,297,0.24584,37.453
27,298,0.24986,37.131
27,299,0.25051,37.455
27,300,0.25134,37.395
27,301,0.25484,37.356
27,302,0.25436,37.509
27,303,0.26227,37.681
27,304,0.2646,37.74
27,305,0.26761,37.865
27,306,0.27244,37.889
27,307,0.26924,37.675
27,308,0.27232,38.133
27,309,0.28114,38.098
27,310,0.27841,37.857
27,311,0.28382,38.533
27,312,0.28606,38.467
27,313,0.28988,38.444
27,314,0.28966,38.286
27,315,0.29105,38.425
27,316,0.29625,38.579
27,317,0.29617,38.596
27,318,0.30371,38.74
27,319,0.30755,38.771
27,320,0.32422,39.372
27,321,0.31245,39.102
27,322,0.31302,38.859
27,323,0.32142,39.379
27,324,0.32614,39.047
27,325,0.32406,39.34
27,326,0.33069,39.562
27,327,0.32768,39.477
27,328,0.33569,39.659
27,329,0.33338,39.345
27,330,0.34842,40.144
27,331,0.34437,39.825
27,332,0.35701,40.192
27,333,0.35119,39.864
27,334,0.35431,39.772
27,335,0.36096,40.544
27,336,0.36763,40.336
27,337,0.3571,40.254
27,338,0.37532,40.368
27,339,0.37238,40.679
27,340,0.37438,40.317
27,341,0.37869,40.667
27,342,0.37809,40.979
27,343,0.39587,41.261
27,344,0.39664,40.981
27,345,0.39728,41.178
27,346,0.40367,40.931
27,347,0.40504,41.634
27,348,0.4115,41.843
27,349,0.41249,41.149
27,350,0.42368,42.174
27,351,0.43001,42.212
27,352,0.42991,42.66
27,353,0.42541,42.159
27,354,0.44231,42.579
27,355,0.44239,42.242
27,356,0.45274,43.038
27,357,0.45681,42.932
27,358,0.45527,42.892
27,359,0.56828,51.899346442255556
27,360,0.4724,43.337
27,361,0.46811,42.832
27,362,0.47895,43.701
27,363,0.47725,43.795
27,364,0.48158,43.761
27,365,0.49546,44.217
27,366,0.48994,44.063
27,367,0.5027,44.134
27,368,0.51211,44.654
27,369,0.50646,44.048
27,370,0.52489,44.909
27,371,0.52657,44.663
27,372,0.53341,45.293
27,373,0.54683,45.349
27,374,0.54704,45.796
27,375,0.54378,45.695
27,376,0.5565,45.701
27,377,0.55974,45.703
27,378,0.56521,45.736
27,379,0.57635,46.456
27,380,0.57681,46.108
27,381,0.58856,46.348
27,382,0.59512,46.698
27,383,0.59429,46.823
27,384,0.60538,47.24
27,385,0.61372,47.122
27,386,0.62132,47.723
27,387,0.63587,47.994
27,388,0.53329,36.45899820229886
27,389,0.64248,48.028
27,390,0.64918,48.05
27,391,0.66152,48.755
27,392,0.66522,48.937
27,393,0.67511,48.735
27,394,0.67903,49.362
27,395,0.68681,49.142
27,396,0.69905,49.563
27,397,0.70641,49.814
27,398,0.80909,57.209395352006815
27,399,0.71375,49.803
27,400,0.73133,50.75
27,401,0.7348,50.33
27,402,0.75033,51.267
27,403,0.75731,50.936
27,404,0.76524,51.555
27,405,0.77565,51.762
27,406,0.77803,51.716
27,407,0.79484,52.337
27,408,0.79411,52.582
27,409,0.8133,53.103
27,410,0.82266,52.843
27,411,0.82902,53.325
27,412,0.83202,53.052
27,413,0.85019,53.952
27,414,0.86664,54.19
27,415,0.86051,54.042
27,416,0.88082,54.56
27,417,0.88819,54.708
27,418,0.90302,55.394
27,419,0.90557,55.211
27,420,0.91687,55.255
27,421,0.92742,55.564
27,422,0.94522,56.612
27,423,0.95145,56.622
27,424,0.96823,57.201
27,425,0.98341,57.515
27,426,0.99279,57.741
27,427,0.99825,58.008
27,428,1.01283,58.153
28,0,0.04479,32.739
28,1,0.04846,32.779
28,2,0.0429,32.877
28,3,0.04597,32.83
28,4,0.04819,33.097
28,5,0.04967,32.994
28,6,0.04313,32.731
28,7,0.04647,32.866
28,8,0.04303,32.776
28,9,0.04264,32.897
28,10,0.0398,32.856
28,11,0.04822,32.863
28,12,0.05328,33.093
28,13,0.03941,32.731
28,14,0.04598,33.02
28,15,0.04477,32.702
28,16,0.0415,32.702
28,17,0.04372,32.654
28,18,0.04309,32.999
28,19,0.05269,33.228
28,20,0.0514,33.243
28,21,0.04959,32.941
28,22,0.04689,32.866
28,23,0.04553,32.934
28,24,0.04934,33.088
28,25,0.04592,32.94
28,26,0.04838,33.116
28,27,0.04065,32.599
28,28,0.05124,33.033
28,29,0.0452,32.86
28,30,0.04592,33.041
28,31,0.04263,32.862
28,32,0.04813,33.056
28,33,0.14812,46.67294478716927
28,34,0.04503,32.721
28,35,0.05724,33.116
28,36,0.04676,33.083
28,37,0.05397,32.996
28,38,0.04368,32.632
28,39,0.05414,32.901
28,40,0.04775,32.773
28,41,0.04216,32.788
28,42,0.0443,32.755
28,43,0.05617,33.238
28,44,0.05196,33.226
28,45,0.04793,32.885
28,46,0.04943,33.039
28,47,0.04625,32.962
28,48,0.0458,32.892
28,49,0.04739,32.707
28,50,0.03943,32.599
28,51,0.05615,33.09
28,52,0.05214,32.64
28,53,0.04511,32.64
28,54,0.04844,33.468
28,55,0.05119,33.383
28,56,0.04844,33.257
28,57,0.05786,33.168
28,58,0.04752,32.7
28,59,0.04855,33.003
28,60,0.05802,32.934
28,61,0.05025,32.661
28,62,0.04842,33.046
28,63,0.05229,33.186
28,64,0.05195,33.177
28,65,0.05066,32.823
28,66,0.04318,32.76
28,67,0.05017,33.273
28,68,0.05043,32.988
28,69,0.05249,33.018
28,70,0.05432,33.508
28,71,0.05996,33.255
28,72,0.05267,33.392
28,73,0.05085,33.172
28,74,0.04704,32.891
28,75,0.05633,33.013
28,76,0.05133,32.732
28,77,0.05999,33.489
28,78,0.05285,33.182
28,79,0.05382,33.378
28,80,0.0503,33.171
28,81,0.05682,33.41
28,82,0.04361,32.759
28,83,0.04871,33.02
28,84,0.04486,32.497
28,85,0.06175,33.398
28,86,0.05369,33.171
28,87,0.05394,33.303
28,88,0.05097,33.076
28,89,0.05456,32.908
28,90,0.0589,33.123
28,91,0.05802,33.216
28,92,0.06063,33.042
28,93,0.04991,32.835
28,94,0.15494000000000002,40.488977849748935
28,95,0.06093,32.795
28,96,0.05572,32.5
28,97,0.05806,33.417
28,98,0.05488,33.141
28,99,0.0555,32.981
28,100,0.05709,33.126
28,101,0.05925,33.197
28,102,0.0,27.619934984273833
28,103,0.04841,33.246
28,104,0.05421,33.177
28,105,0.06334,33.197
28,106,0.05387,33.076
28,107,0.05668,33.541
28,108,0.063,33.426
28,109,0.06271,33.26
28,110,0.05829,33.139
28,111,0.05211,33.305
28,112,0.05959,33.231
28,113,0.05764,32.883
28,114,0.05392,33.171
28,115,0.05591,33.103
28,116,0.05779,33.052
28,117,0.05453,32.794
28,118,0.05801,33.317
28,119,0.05222,33.062
28,120,0.06012,33.041
28,121,0.06488,33.266
28,122,0.0,22.384100273712928
28,123,0.05252,33.275
28,124,0.05599,33.101
28,125,0.06241,33.581
28,126,0.05591,33.058
28,127,0.06597,33.459
28,128,0.06334,33.099
28,129,0.05935,33.189
28,130,0.05766,32.85
28,131,0.05927,33.491
28,132,0.06177,33.55
28,133,0.06247,33.137
28,134,0.0671,33.433
28,135,0.06606,33.155
28,136,0.0666,33.594
28,137,0.06384,33.159
28,138,0.06273,33.418
28,139,0.06409,33.446
28,140,0.06744,33.269
28,141,0.05902,33.207
28,142,0.06256,33.449
28,143,0.15983,44.954826031685315
28,144,0.06979,33.45
28,145,0.06488,33.189
28,146,0.06272,33.214
28,147,0.07092,33.46
28,148,0.0,24.318328276938008
28,149,0.16897,46.75408355290617
28,150,0.07181,33.649
28,151,0.062,33.17
28,152,0.06737,33.064
28,153,0.06809,33.06
28,154,0.07111,33.66
28,155,0.06931,33.304
28,156,0.06826,33.314
28,157,0.06373,33.25
28,158,0.07094,33.484
28,159,0.07424,33.7
28,160,0.07136,33.162
28,161,0.06788,33.195
28,162,0.06858,33.285
28,163,0.16811,41.66556495689331
28,164,0.07182,33.696
28,165,0.06382,33.331
28,166,0.0744,33.852
28,167,0.06465,33.267
28,168,0.0753,33.532
28,169,0.06784,33.097
28,170,0.068,33.073
28,171,0.07236,33.685
28,172,0.06741,33.449
28,173,0.07616,33.588
28,174,0.06667,33.459
28,175,0.07323,33.494
28,176,0.0716,33.507
28,177,0.07617,34.067
28,178,0.07493,33.864
28,179,0.07626,33.571
28,180,0.07578,33.336
28,181,0.07676,33.204
28,182,0.07245,33.53
28,183,0.08104,33.981
28,184,0.07569,33.61
28,185,0.08094,33.427
28,186,0.079,33.485
28,187,0.07707,33.517
28,188,0.07988,33.78
28,189,0.08209,33.788
28,190,0.0796,34.035
28,191,0.07321,33.863
28,192,0.07854,33.755
28,193,0.0,22.58107720200094
28,194,0.08244,33.934
28,195,0.0828,33.625
28,196,0.09577,34.256
28,197,0.08547,33.721
28,198,0.07966,33.609
28,199,0.08691,33.625
28,200,0.07874,33.753
28,201,0.08472,33.622
28,202,0.07952,33.95
28,203,0.08575,33.525
28,204,0.07959,33.591
28,205,0.08815,33.969
28,206,0.0902,33.597
28,207,0.08702,34.111
28,208,0.09192,34.005
28,209,0.09645,34.153
28,210,0.0917,33.937
28,211,0.08488,33.604
28,212,0.08921,33.831
28,213,0.08189,33.509
28,214,0.18818000000000001,46.495336138466634
28,215,0.08989,33.874
28,216,0.0865,33.819
28,217,0.09623,34.058
28,218,0.08544,33.541
28,219,0.09433,33.941
28,220,0.0922,33.816
28,221,0.09503,33.941
28,222,0.0928,33.782
28,223,0.09777,34.016
28,224,0.09705,33.806
28,225,0.1021,34.41
28,226,0.08808,33.689
28,227,0.09818,33.805
28,228,0.09631,34.114
28,229,0.09666,34.144
28,230,0.0952,33.555
28,231,0.10247,34.358
28,232,0.10914,33.867
28,233,0.10272,33.775
28,234,0.10734,34.367
28,235,0.0971,34.202
28,236,0.0993,34.154
28,237,0.10295,34.522
28,238,0.11,34.208
28,239,0.1076,34.346
28,240,0.09834,33.934
28,241,0.11397,34.486
28,242,0.10927,34.269
28,243,0.10376,34.196
28,244,0.20550000000000002,46.832474971272376
28,245,0.10321,34.321
28,246,0.10637,34.253
28,247,0.10951,34.379
28,248,0.11383,34.191
28,249,0.11221,34.527
28,250,0.11457,34.144
28,251,0.11234,34.722
28,252,0.11163,34.46
28,253,0.11586,34.25
28,254,0.12079,34.663
28,255,0.11626,34.132
28,256,0.1181,34.605
28,257,0.12216,34.53
28,258,0.11246,34.244
28,259,0.11514,34.216
28,260,0.12308,34.878
28,261,0.11791,34.421
28,262,0.11221,34.515
28,263,0.12687,34.568
28,264,0.12058,34.645
28,265,0.12874,34.776
28,266,0.12343,34.656
28,267,0.11777,34.207
28,268,0.021059999999999995,27.765943153085466
28,269,0.12378,34.522
28,270,0.12377,34.6
28,271,0.13361,34.812
28,272,0.12451,34.649
28,273,0.13554,34.784
28,274,0.12467,34.547
28,275,0.13079,34.919
28,276,0.13519,34.668
28,277,0.12826,34.661
28,278,0.1357,34.636
28,279,0.13145,34.677
28,280,0.13857,35.056
28,281,0.13935,35.235
28,282,0.13545,34.645
28,283,0.1329,34.459
28,284,0.13675,34.834
28,285,0.14271,35.044
28,286,0.13857,34.928
28,287,0.13736,35.13
28,288,0.13937,34.74
28,289,0.1468,35.245
28,290,0.13765,35.102
28,291,0.1426,34.964
28,292,0.14735,35.26
28,293,0.14943,35.178
28,294,0.14701,35.217
28,295,0.1493,35.546
28,296,0.15319,35.085
28,297,0.15003,35.21
28,298,0.15823,35.662
28,299,0.15256,35.069
28,300,0.15101,35.273
28,301,0.16561,35.648
28,302,0.15115,35.08
28,303,0.15619,35.171
28,304,0.15829,35.455
28,305,0.16375,35.718
28,306,0.1643,35.121
28,307,0.15917,35.369
28,308,0.1652,35.704
28,309,0.166,35.559
28,310,0.16801,35.542
28,311,0.16865,35.832
28,312,0.16922,35.614
28,313,0.17069,35.911
28,314,0.16768,35.941
28,315,0.16869,35.477
28,316,0.17768,36.01
28,317,0.17041,35.427
28,318,0.17846,36.29
28,319,0.28368000000000004,46.89362546706715
28,320,0.17037,35.661
28,321,0.18287,35.841
28,322,0.1794,35.874
28,323,0.18043,36.239
28,324,0.19167,36.241
28,325,0.18739,35.884
28,326,0.18838,36.366
28,327,0.19339,36.188
28,328,0.19508,36.293
28,329,0.19444,36.366
28,330,0.19642,36.385
28,331,0.1965,36.164
28,332,0.19519,36.053
28,333,0.19249,35.945
28,334,0.1967,36.118
28,335,0.20828,36.44
28,336,0.20458,36.446
28,337,0.21156,36.428
28,338,0.20593,36.399
28,339,0.21299,36.844
28,340,0.21199,36.799
28,341,0.21246,36.529
28,342,0.21814,36.785
28,343,0.21217,36.756
28,344,0.21599,36.574
28,345,0.22212,36.756
28,346,0.22184,36.9
28,347,0.21891,36.781
28,348,0.22922,36.738
28,349,0.22741,36.723
28,350,0.23151,37.181
28,351,0.22783,37.34
28,352,0.23552,37.208
28,353,0.23555,37.264
28,354,0.23085,37.003
28,355,0.23826,37.046
28,356,0.24051,37.421
28,357,0.23889,37.129
28,358,0.23925,36.79
28,359,0.24762,37.325
28,360,0.24669,37.113
28,361,0.24777,37.553
28,362,0.15053999999999998,30.656470400252026
28,363,0.25342,37.21
28,364,0.25716,37.287
28,365,0.25299,37.238
28,366,0.25815,37.49
28,367,0.26098,37.441
28,368,0.26716,37.923
28,369,0.26461,37.605
28,370,0.16518000000000002,22.92165120600199
28,371,0.26411,37.498
28,372,0.27538,37.997
28,373,0.28074,37.993
28,374,0.27503,37.847
28,375,0.2775,37.85
28,376,0.28218,38.09
28,377,0.2814,38.318
28,378,0.2934,38.563
28,379,0.29043,38.417
28,380,0.29804,38.583
28,381,0.29071,38.349
28,382,0.29801,38.231
28,383,0.29685,38.625
28,384,0.29321,38.075
28,385,0.30233,38.595
28,386,0.30016,38.451
28,387,0.31278,38.766
28,388,0.31453,38.672
28,389,0.31017,38.865
28,390,0.31754,38.619
28,391,0.31554,39.125
28,392,0.31775,39.048
28,393,0.32227,38.959
28,394,0.32812,38.667
28,395,0.32388,39.012
28,396,0.32965,39.32
28,397,0.32896,39.218
28,398,0.33275,39.118
28,399,0.33689,39.659
28,400,0.33872,39.294
28,401,0.34012,39.669
28,402,0.35161,39.627
28,403,0.35892,39.788
28,404,0.35693,39.742
28,405,0.36138,39.714
28,406,0.36136,39.975
28,407,0.36646,39.901
28,408,0.3629,40.146
28,409,0.36905,40.178
28,410,0.37562,39.865
28,411,0.38317,40.339
28,412,0.38679,40.331
28,413,0.38757,40.032
28,414,0.3861,40.098
28,415,0.38998,40.531
28,416,0.39247,40.664
28,417,0.49490999999999996,49.315666321407114
28,418,0.40705,41.012
28,419,0.40394,40.316
28,420,0.41119,40.875
28,421,0.40853,40.73
28,422,0.42179,40.904
28,423,0.42157,41.17
28,424,0.42195,41.263
28,425,0.43363,41.33
28,426,0.42988,41.432
28,427,0.43832,41.466
28,428,0.43725,41.025
28,429,0.43922,41.284
28,430,0.44897,41.675
28,431,0.44904,41.724
28,432,0.45067,42.072
28,433,0.46336,42.362
28,434,0.46495,42.067
28,435,0.47277,42.107
28,436,0.46696,41.996
28,437,0.4767,42.177
28,438,0.4782,42.042
28,439,0.485,42.207
28,440,0.48364,42.724
28,441,0.49643,42.835
28,442,0.49719,42.67
28,443,0.49741,42.709
28,444,0.49891,42.864
28,445,0.50967,42.862
28,446,0.5203,43.402
28,447,0.52138,43.207
28,448,0.52325,43.47
28,449,0.52854,43.781
28,450,0.53184,43.432
28,451,0.53997,43.457
28,452,0.54595,43.58
28,453,0.54967,43.792
28,454,0.55393,44.196
28,455,0.5576,43.855
28,456,0.55841,43.967
28,457,0.55947,44.361
28,458,0.5726,44.195
28,459,0.58313,44.512
28,460,0.58352,44.495
28,461,0.57969,44.304
28,462,0.59128,45.009
28,463,0.59981,45.044
28,464,0.59579,45.182
28,465,0.61019,45.218
28,466,0.61934,45.691
28,467,0.62499,45.516
28,468,0.62198,45.697
28,469,0.62621,45.981
28,470,0.63751,45.626
28,471,0.63825,45.599
28,472,0.64958,46.1
28,473,0.64997,46.039
28,474,0.65539,46.346
28,475,0.66666,46.399
28,476,0.66779,46.439
28,477,0.67741,46.773
28,478,0.68592,47.053
28,479,0.68956,46.602
28,480,0.70177,47.053
28,481,0.59975,38.61047949672644
28,482,0.71181,47.354
28,483,0.71494,47.45
28,484,0.72931,47.841
28,485,0.72639,47.586
28,486,0.73594,48.034
28,487,0.74562,48.222
28,488,0.74713,48.146
28,489,0.76031,48.289
28,490,0.76245,48.684
28,491,0.77482,48.796
28,492,0.77675,48.612
28,493,0.78765,49.378
28,494,0.80302,49.527
28,495,0.79984,49.197
28,496,0.79988,49.417
28,497,0.82422,50.167
28,498,0.82678,50.018
28,499,0.83132,49.583
28,500,0.84058,50.154
28,501,0.84243,50.245
28,502,0.8516,50.367
28,503,0.86095,50.603
28,504,0.86924,50.598
28,505,0.776,39.21468017274677
28,506,0.88238,51.211
28,507,0.88671,51.112
28,508,0.90365,51.363
28,509,0.91682,52.174
28,510,0.91614,51.761
28,511,0.92742,51.875
28,512,0.92718,52.068
28,513,0.94331,52.53
28,514,0.95013,52.915
28,515,0.95543,52.548
28,516,0.97227,52.911
28,517,0.97452,53.217
28,518,0.98419,53.377
28,519,0.99478,53.462
28,520,0.99843,53.742
28,521,1.0112,53.959
29,0,0.04634,32.198
29,1,0.03781,32.241
29,2,0.04212,32.059
29,3,0.04965,32.519
29,4,0.04216,32.262
29,5,0.04208,32.2
29,6,0.04361,31.993
29,7,0.04697,32.144
29,8,0.05497,32.386
29,9,0.04221,31.978
29,10,0.0,20.270378707156794
29,11,0.04837,32.51
29,12,0.04053,32.303
29,13,0.04364,32.277
29,14,0.05426,32.33
29,15,0.04411,32.005
29,16,0.0462,32.521
29,17,0.04318,32.086
29,18,0.05163,32.542
29,19,0.04583,32.215
29,20,0.05158,32.732
29,21,0.05482,32.781
29,22,0.04543,32.61
29,23,0.04525,31.911
29,24,0.04876,32.633
29,25,0.05107,32.387
29,26,0.04968,32.47
29,27,0.04922,32.292
29,28,0.04577,32.278
29,29,0.04836,32.328
29,30,0.05314,32.409
29,31,0.04824,32.362
29,32,0.0597,32.421
29,33,0.05368,32.414
29,34,0.04919,32.087
29,35,0.05708,32.612
29,36,0.05232,32.136
29,37,0.04724,32.379
29,38,0.0493,32.442
29,39,0.05849,32.707
29,40,0.04842,32.198
29,41,0.04729,32.212
29,42,0.04895,32.367
29,43,0.05275,32.535
29,44,0.05132,32.449
29,45,0.06108,32.533
29,46,0.05094,32.041
29,47,0.04971,32.185
29,48,0.04848,32.093
29,49,0.04616,32.291
29,50,0.05457,32.344
29,51,0.04379,32.223
29,52,0.05395,32.616
29,53,0.04816,32.2
29,54,0.0,25.141418515208088
29,55,0.04944,32.255
29,56,0.05178,32.444
29,57,0.04959,32.333
29,58,0.04953,32.008
29,59,0.05552,32.392
29,60,0.04662,32.391
29,61,0.05275,32.539
29,62,0.05563,32.309
29,63,0.05789,32.223
29,64,0.0528,32.357
29,65,0.0515,32.659
29,66,0.05603,32.257
29,67,0.05,32.803
29,68,0.05337,32.306
29,69,0.06014,32.296
29,70,0.0613,32.524
29,71,0.05806,32.499
29,72,0.04995,32.406
29,73,0.06029,32.186
29,74,0.05213,32.679
29,75,0.05861,32.702
29,76,0.06101,32.769
29,77,0.05815,32.82
29,78,0.05627,32.542
29,79,0.06142,32.534
29,80,0.0641,32.819
29,81,0.0541,32.447
29,82,0.05345,32.485
29,83,0.05778,32.414
29,84,0.05249,32.282
29,85,0.0592,32.552
29,86,0.05457,32.502
29,87,0.05663,32.739
29,88,0.06519,32.739
29,89,0.06756,32.828
29,90,0.0564,32.786
29,91,0.06841,33.079
29,92,0.05926,32.38
29,93,0.06128,33.178
29,94,0.05835,32.766
29,95,0.06306,32.921
29,96,0.05878,32.564
29,97,0.06063,32.497
29,98,0.06757,32.633
29,99,0.06619,32.83
29,100,0.06163,32.545
29,101,0.06721,32.842
29,102,0.06646,32.78
29,103,0.06556,32.797
29,104,0.07296,33.111
29,105,0.06714,32.628
29,106,0.06645,32.642
29,107,0.06542,32.423
29,108,0.06905,33.311
29,109,0.07037,33.079
29,110,0.07393,32.975
29,111,0.06973,32.637
29,112,0.07192,32.988
29,113,0.06824,33.105
29,114,0.0691,33.468
29,115,0.07437,33.04
29,116,0.08108,32.772
29,117,0.07275,32.913
29,118,0.07376,33.072
29,119,0.07424,33.321
29,120,0.07743,33.225
29,121,0.0,27.844103166412008
29,122,0.07774,33.184
29,123,0.07308,33.186
29,124,0.07008,33.43
29,125,0.07875,32.994
29,126,0.08205,33.381
29,127,0.08846,33.789
29,128,0.07566,33.026
29,129,0.07806,33.294
29,130,0.08809,33.159
29,131,0.08292,33.154
29,132,0.08731,33.483
29,133,0.18942,42.23461923492463
29,134,0.08503,33.417
29,135,0.08522,33.403
29,136,0.09221,33.962
29,137,0.08601,33.794
29,138,0.0868,33.561
29,139,0.0877,33.206
29,140,0.09545,33.615
29,141,0.09659,33.807
29,142,0.09402,33.696
29,143,0.09766,33.872
29,144,0.09264,33.632
29,145,0.10123,33.794
29,146,0.09424,33.468
29,147,0.10062,33.72
29,148,0.0997,33.685
29,149,0.10399,33.891
29,150,0.10607,34.196
29,151,0.10109,34.047
29,152,0.1012,33.837
29,153,0.10055,33.885
29,154,0.10602,34.02
29,155,0.10055,33.368
29,156,0.10265,33.923
29,157,0.11108,34.282
29,158,0.10801,34.013
29,159,0.10808,34.247
29,160,0.10933,34.244
29,161,0.11247,34.409
29,162,0.11554,34.211
29,163,0.11315,34.546
29,164,0.12151,34.446
29,165,0.11991,34.167
29,166,0.12308,34.374
29,167,0.12208,34.538
29,168,0.12448,34.429
29,169,0.1306,34.43
29,170,0.11978,34.137
29,171,0.12859,34.678
29,172,0.22661,47.30339136167959
29,173,0.13195,34.662
29,174,0.12773,34.226
29,175,0.12745,34.782
29,176,0.14116,34.885
29,177,0.13321,34.611
29,178,0.14555,34.906
29,179,0.13809,34.725
29,180,0.14239,35.067
29,181,0.13663,34.794
29,182,0.14461,34.873
29,183,0.15238,34.934
29,184,0.15209,35.283
29,185,0.15574,35.429
29,186,0.15779,35.488
29,187,0.1541,35.515
29,188,0.15505,35.342
29,189,0.15927,35.041
29,190,0.16196,35.435
29,191,0.17208,36.102
29,192,0.16834,35.357
29,193,0.16601,35.725
29,194,0.17649,35.738
29,195,0.17143,35.918
29,196,0.17373,35.694
29,197,0.18309,35.641
29,198,0.18762,36.642
29,199,0.18692,36.14
29,200,0.18935,36.259
29,201,0.18901,35.98
29,202,0.19333,36.354
29,203,0.19361,36.062
29,204,0.19876,36.207
29,205,0.20618,35.99
29,206,0.20185,36.841
29,207,0.20872,36.785
29,208,0.21224,36.719
29,209,0.22034,36.954
29,210,0.2159,37.077
29,211,0.21482,36.859
29,212,0.22386,37.104
29,213,0.22743,37.339
29,214,0.2373,37.628
29,215,0.23513,37.602
29,216,0.24313,37.769
29,217,0.24805,37.363
29,218,0.24775,37.886
29,219,0.24558,37.808
29,220,0.2591,38.092
29,221,0.26207,38.423
29,222,0.2689,38.639
29,223,0.27315,38.424
29,224,0.27037,37.953
29,225,0.27198,38.736
29,226,0.27822,38.744
29,227,0.28609,39.129
29,228,0.28161,38.828
29,229,0.29569,38.974
29,230,0.30293,39.065
29,231,0.30818,39.059
29,232,0.20521999999999999,31.07852376623511
29,233,0.31473,39.297
29,234,0.32314,40.053
29,235,0.33178,40.281
29,236,0.32653,39.782
29,237,0.3332,40.616
29,238,0.34057,40.401
29,239,0.35151,40.452
29,240,0.35386,40.853
29,241,0.36136,41.127
29,242,0.36323,40.731
29,243,0.36725,41.287
29,244,0.38308,41.31
29,245,0.37679,41.067
29,246,0.38527,41.805
29,247,0.40011,41.609
29,248,0.39666,41.651
29,249,0.40477,42.108
29,250,0.41354,42.497
29,251,0.41444,42.315
29,252,0.43477,43.261
29,253,0.44325,43.292
29,254,0.44139,43.197
29,255,0.46168,43.616
29,256,0.46661,43.37
29,257,0.46942,44.065
29,258,0.47662,44.222
29,259,0.48537,44.489
29,260,0.49026,44.455
29,261,0.4946,44.776
29,262,0.51387,45.509
29,263,0.51416,44.824
29,264,0.52789,45.316
29,265,0.53779,45.379
29,266,0.54914,46.164
29,267,0.54657,46.123
29,268,0.56427,46.655
29,269,0.57692,46.416
29,270,0.58184,47.017
29,271,0.59274,47.265
29,272,0.60853,47.424
29,273,0.61373,47.871
29,274,0.62524,48.036
29,275,0.64523,48.978
29,276,0.65671,49.227
29,277,0.66232,49.252
29,278,0.67714,49.775
29,279,0.68197,50.164
29,280,0.68958,49.858
29,281,0.8183199999999999,64.71069150704365
29,282,0.70907,50.746
29,283,0.72827,50.957
29,284,0.75556,52.155
29,285,0.7666,52.007
29,286,0.77093,52.291
29,287,0.78932,52.686
29,288,0.80737,53.35
29,289,0.82009,53.447
29,290,0.82699,53.842
29,291,0.84164,54.407
29,292,0.86284,54.734
29,293,0.87658,55.569
29,294,0.8938,55.765
29,295,0.91076,56.439
29,296,0.92792,56.561
29,297,0.94203,56.905
29,298,0.95508,57.42
29,299,0.96671,57.719
29,300,0.98726,57.974
29,301,1.01106,58.816
30,0,0.07629,33.411
30,1,0.08414,33.595
30,2,0.08487,33.53
30,3,0.07537,33.332
30,4,0.07608,33.207
30,5,0.07189,33.371
30,6,0.08075,33.953
30,7,0.07484,33.264
30,8,0.07353,33.531
30,9,0.07992,33.271
30,10,0.07309,33.487
30,11,0.07828,33.562
30,12,0.07326,32.925
30,13,0.07333,33.44
30,14,0.08532,33.478
30,15,0.08603,33.746
30,16,0.0714,33.302
30,17,0.08047,32.973
30,18,0.07964,33.675
30,19,0.0787,33.407
30,20,0.07646,33.324
30,21,0.0725,33.146
30,22,0.07558,33.374
30,23,0.07507,33.166
30,24,0.08039,33.53
30,25,0.07524,33.445
30,26,0.07563,33.365
30,27,0.0814,33.358
30,28,0.07286,33.263
30,29,0.07214,33.221
30,30,0.07653,32.879
30,31,0.07982,33.407
30,32,0.08248,33.545
30,33,0.08075,33.702
30,34,0.07733,33.389
30,35,0.07162,33.512
30,36,0.07739,33.19
30,37,0.08098,33.033
30,38,0.07636,33.55
30,39,0.07638,33.225
30,40,0.07653,32.97
30,41,0.08111,33.448
30,42,0.07722,33.333
30,43,0.07842,33.544
30,44,0.07821,33.136
30,45,0.08078,33.565
30,46,0.07936,33.649
30,47,0.07872,33.642
30,48,0.08429,33.658
30,49,0.07573,33.328
30,50,0.08374,33.23
30,51,0.07728,33.32
30,52,0.07545,33.523
30,53,0.08048,33.316
30,54,0.08146,33.448
30,55,0.07554,33.208
30,56,0.08091,33.656
30,57,0.07728,33.497
30,58,0.08562,33.319
30,59,0.08079,33.631
30,60,0.07905,33.675
30,61,0.0883,33.698
30,62,0.07863,33.613
30,63,0.08301,33.01
30,64,0.0797,33.362
30,65,0.08137,33.439
30,66,0.0,20.57369963596281
30,67,0.08286,33.841
30,68,0.0766,33.094
30,69,0.08015,33.445
30,70,0.08482,33.308
30,71,0.07806,32.976
30,72,0.08579,33.625
30,73,0.07851,33.151
30,74,0.07552,33.433
30,75,0.07609,33.383
30,76,0.08877,33.57
30,77,0.07683,33.455
30,78,0.07585,33.701
30,79,0.08645,33.556
30,80,0.07733,33.304
30,81,0.07982,33.521
30,82,0.08524,33.355
30,83,0.08521,33.685
30,84,0.07922,33.213
30,85,0.0818,33.275
30,86,0.08551,33.344
30,87,0.08369,33.513
30,88,0.07935,33.413
30,89,0.086,33.341
30,90,0.08012,33.3
30,91,0.0817,33.348
30,92,0.07487,33.125
30,93,0.08859,33.685
30,94,0.08298,33.456
30,95,0.08201,33.406
30,96,0.08442,33.565
30,97,0.07772,33.449
30,98,0.17267,42.65650942551352
30,99,0.07696,33.362
30,100,0.07792,33.403
30,101,0.0851,33.86
30,102,0.07672,33.571
30,103,0.08351,33.435
30,104,0.08613,33.535
30,105,0.08606,33.382
30,106,0.08076,33.653
30,107,0.08934,33.645
30,108,0.07235,33.241
30,109,0.08373,33.483
30,110,0.08506,33.463
30,111,0.08717,33.371
30,112,0.08887,33.952
30,113,0.08038,33.273
30,114,0.08579,33.337
30,115,0.08228,33.718
30,116,0.08731,34.004
30,117,0.08516,33.439
30,118,0.0848,33.523
30,119,0.08416,33.534
30,120,0.08109,33.528
30,121,0.0793,33.289
30,122,0.08458,33.096
30,123,0.08825,33.218
30,124,0.08797,33.364
30,125,0.0838,33.635
30,126,0.09433,33.785
30,127,0.07773,33.589
30,128,0.08486,33.568
30,129,0.08814,33.181
30,130,0.0,26.441024349398234
30,131,0.09105,33.835
30,132,0.07978,33.696
30,133,0.08822,33.318
30,134,0.08678,33.803
30,135,0.08183,33.763
30,136,0.08077,33.306
30,137,0.08318,33.793
30,138,0.08513,33.327
30,139,0.08901,33.777
30,140,0.09004,33.613
30,141,0.08852,33.504
30,142,0.09435,33.991
30,143,0.09212,33.872
30,144,0.09001,33.418
30,145,0.09061,33.703
30,146,0.09328,33.9
30,147,0.09057,33.342
30,148,0.08816,33.515
30,149,0.08968,33.577
30,150,0.08772,33.709
30,151,0.08724,33.631
30,152,0.08305,33.348
30,153,0.09191,33.462
30,154,0.09442,33.958
30,155,0.08852,34.234
30,156,0.09473,33.58
30,157,0.0929,33.743
30,158,0.08697,33.386
30,159,0.09422,33.64
30,160,0.09,33.483
30,161,0.08759,33.588
30,162,0.0923,33.199
30,163,0.09098,33.539
30,164,0.0967,34.402
30,165,0.08982,33.318
30,166,0.0919,33.667
30,167,0.0995,34.208
30,168,0.09525,33.664
30,169,0.09468,33.822
30,170,0.09312,33.423
30,171,0.09658,33.832
30,172,0.09211,33.593
30,173,0.08953,33.72
30,174,0.0859,33.735
30,175,0.08887,33.23
30,176,0.10056,33.726
30,177,0.09058,33.906
30,178,0.10108,33.602
30,179,0.09003,33.491
30,180,0.09779,34.165
30,181,0.08993,33.948
30,182,0.09162,33.769
30,183,0.08957,33.633
30,184,0.09442,33.7
30,185,0.09661,33.61
30,186,0.09175,33.792
30,187,0.10086,33.9
30,188,0.09772,33.987
30,189,0.09924,33.678
30,190,0.09303,33.595
30,191,0.10407,34.076
30,192,0.09843,33.924
30,193,0.09152,34.087
30,194,0.09894,34.007
30,195,0.09019,33.827
30,196,0.09605,33.535
30,197,0.0939,33.499
30,198,0.09282,33.74
30,199,0.0,21.54617455948732
30,200,0.10512,33.972
30,201,0.08968,33.611
30,202,0.10367,33.949
30,203,0.10526,34.091
30,204,0.09203,33.733
30,205,0.10082,34.119
30,206,0.10716,34.224
30,207,0.1019,34.062
30,208,0.09972,33.587
30,209,0.10081,33.976
30,210,0.09609,34.065
30,211,0.10519,33.725
30,212,0.1069,33.975
30,213,0.09859,34.07
30,214,0.10176,34.304
30,215,0.09883,33.513
30,216,0.10139,34.074
30,217,0.09908,33.599
30,218,0.10398,33.68
30,219,0.10458,33.917
30,220,0.10561,33.731
30,221,0.10911,34.048
30,222,0.10726,34.236
30,223,0.09987,34.059
30,224,0.09909,33.592
30,225,0.11295,34.391
30,226,0.11369,34.111
30,227,0.2061,43.46402098759908
30,228,0.10595,33.866
30,229,0.10272,33.988
30,230,0.10235,33.718
30,231,0.1085,34.052
30,232,0.11099,34.041
30,233,0.10524,34.085
30,234,0.10464,33.855
30,235,0.10574,33.969
30,236,0.11563,33.952
30,237,0.11405,34.34
30,238,0.11547,34.851
30,239,0.11526,34.405
30,240,0.10463,33.749
30,241,0.11166,33.801
30,242,0.11303,33.744
30,243,0.11552,34.161
30,244,0.11177,33.993
30,245,0.10403,34.221
30,246,0.11732,34.194
30,247,0.11499,34.135
30,248,0.11386,34.341
30,249,0.1153,34.488
30,250,0.11552,34.231
30,251,0.11078,34.026
30,252,0.11744,33.967
30,253,0.119,34.245
30,254,0.11169,33.922
30,255,0.11805,34.277
30,256,0.1221,34.116
30,257,0.11383,34.17
30,258,0.11353,34.183
30,259,0.11822,34.381
30,260,0.12338,34.136
30,261,0.11911,34.174
30,262,0.11989,34.407
30,263,0.11464,34.026
30,264,0.12106,34.351
30,265,0.11856,34.423
30,266,0.12279,34.278
30,267,0.11689,34.003
30,268,0.12087,34.057
30,269,0.12157,34.601
30,270,0.12021,34.22
30,271,0.13006,34.845
30,272,0.11946,34.339
30,273,0.12429,34.458
30,274,0.1307,34.575
30,275,0.12485,34.567
30,276,0.12913,34.71
30,277,0.127,34.164
30,278,0.12337,34.561
30,279,0.12681,34.637
30,280,0.13384,34.39
30,281,0.13133,34.505
30,282,0.13102,34.556
30,283,0.13629,34.705
30,284,0.12572,34.532
30,285,0.13009,34.771
30,286,0.1311,35.061
30,287,0.12938,34.508
30,288,0.12793,34.514
30,289,0.13179,34.637
30,290,0.13167,34.456
30,291,0.12841,34.432
30,292,0.13705,34.967
30,293,0.13272,34.413
30,294,0.13325,35.031
30,295,0.13813,34.83
30,296,0.13855,35.037
30,297,0.13065,34.478
30,298,0.13372,34.741
30,299,0.13705,34.847
30,300,0.13496,34.925
30,301,0.1373,34.84
30,302,0.14295,35.048
30,303,0.14021,34.929
30,304,0.14634,35.002
30,305,0.13706,34.813
30,306,0.14045,34.301
30,307,0.14306,34.851
30,308,0.14647,34.752
30,309,0.13645,34.717
30,310,0.14463,34.881
30,311,0.14383,34.631
30,312,0.14384,34.775
30,313,0.14934,35.041
30,314,0.1446,35.206
30,315,0.1453,34.988
30,316,0.14638,35.226
30,317,0.14807,34.961
30,318,0.14785,34.972
30,319,0.1539,35.234
30,320,0.14991,35.318
30,321,0.15399,34.979
30,322,0.14569,34.802
30,323,0.15358,35.177
30,324,0.15808,34.937
30,325,0.15162,34.779
30,326,0.14875,34.827
30,327,0.15632,35.272
30,328,0.1518,34.857
30,329,0.14923,35.005
30,330,0.15419,35.404
30,331,0.15952,35.153
30,332,0.15609,34.814
30,333,0.15397,34.942
30,334,0.15743,34.942
30,335,0.16253,35.356
30,336,0.16,35.585
30,337,0.15565,35.115
30,338,0.16259,35.145
30,339,0.16149,35.229
30,340,0.16422,35.212
30,341,0.16076,34.891
30,342,0.16565,35.241
30,343,0.16688,35.327
30,344,0.16644,35.297
30,345,0.16598,35.634
30,346,0.16708,35.279
30,347,0.16827,35.231
30,348,0.17216,35.444
30,349,0.17113,35.385
30,350,0.171,35.519
30,351,0.18302,35.527
30,352,0.1773,35.586
30,353,0.17933,35.76
30,354,0.17843,35.593
30,355,0.17682,35.413
30,356,0.17913,35.36
30,357,0.17811,35.816
30,358,0.18186,35.855
30,359,0.18834,35.783
30,360,0.18428,35.669
30,361,0.18121,35.472
30,362,0.18885,35.871
30,363,0.19389,36.134
30,364,0.18461,35.905
30,365,0.18736,36.04
30,366,0.18768,35.593
30,367,0.18751,35.651
30,368,0.1884,35.705
30,369,0.19627,36.351
30,370,0.18861,36.077
30,371,0.19312,35.992
30,372,0.18953,35.949
30,373,0.18924,35.901
30,374,0.19942,36.099
30,375,0.1966,36.109
30,376,0.20225,36.081
30,377,0.20453,36.153
30,378,0.20513,36.16
30,379,0.20507,36.299
30,380,0.2038,35.91
30,381,0.2077,36.48
30,382,0.20901,36.334
30,383,0.20887,36.415
30,384,0.20953,36.191
30,385,0.21594,36.316
30,386,0.21634,36.652
30,387,0.21632,36.181
30,388,0.21544,36.371
30,389,0.21464,36.422
30,390,0.22101,36.441
30,391,0.21856,36.431
30,392,0.22523,36.574
30,393,0.21698,36.13
30,394,0.22472,36.462
30,395,0.22731,36.405
30,396,0.22386,36.329
30,397,0.22914,36.841
30,398,0.23016,36.516
30,399,0.22724,36.716
30,400,0.2249,36.57
30,401,0.23916,36.894
30,402,0.22859,36.577
30,403,0.23349,37.234
30,404,0.24415,37.185
30,405,0.23761,37.136
30,406,0.23596,37.075
30,407,0.24572,37.043
30,408,0.2481,37.036
30,409,0.24003,37.145
30,410,0.24631,37.207
30,411,0.25551,37.143
30,412,0.24925,37.465
30,413,0.2541,37.117
30,414,0.24922,37.045
30,415,0.25172,37.252
30,416,0.25664,37.368
30,417,0.25463,37.254
30,418,0.25144,37.228
30,419,0.26606,37.234
30,420,0.265,37.373
30,421,0.268,37.593
30,422,0.26815,37.577
30,423,0.2736,37.753
30,424,0.26724,37.564
30,425,0.27037,37.645
30,426,0.27197,37.512
30,427,0.27626,37.753
30,428,0.28156,37.775
30,429,0.27123,37.559
30,430,0.27452,37.787
30,431,0.27621,37.543
30,432,0.28336,38.206
30,433,0.28244,37.879
30,434,0.29099,38.361
30,435,0.29374,38.343
30,436,0.29605,37.933
30,437,0.29603,38.344
30,438,0.29277,37.987
30,439,0.29541,38.315
30,440,0.30039,38.205
30,441,0.2976,38.195
30,442,0.30254,38.365
30,443,0.30234,38.348
30,444,0.30727,38.17
30,445,0.30586,38.154
30,446,0.3125,38.559
30,447,0.31658,38.685
30,448,0.31466,38.794
30,449,0.31815,38.748
30,450,0.3215,38.807
30,451,0.32355,38.855
30,452,0.32666,39.007
30,453,0.32571,38.47
30,454,0.32741,39.075
30,455,0.33302,39.002
30,456,0.33179,38.97
30,457,0.33429,38.836
30,458,0.33917,39.207
30,459,0.34542,39.371
30,460,0.3393,39.12
30,461,0.34734,38.99
30,462,0.35068,39.32
30,463,0.35517,39.485
30,464,0.35347,39.616
30,465,0.34934,39.328
30,466,0.35375,39.255
30,467,0.36551,39.44
30,468,0.36034,40.058
30,469,0.36325,39.975
30,470,0.37068,39.703
30,471,0.37633,40.199
30,472,0.37221,39.739
30,473,0.38293,40.133
30,474,0.38672,40.262
30,475,0.39235,40.317
30,476,0.38883,40.269
30,477,0.39022,40.405
30,478,0.39461,40.489
30,479,0.40034,40.542
30,480,0.4015,40.28
30,481,0.40025,40.623
30,482,0.41112,40.304
30,483,0.40616,40.589
30,484,0.40795,40.458
30,485,0.41643,41.125
30,486,0.40949,40.623
30,487,0.42259,41.099
30,488,0.42516,41.352
30,489,0.42717,41.306
30,490,0.42768,41.066
30,491,0.42864,41.256
30,492,0.43627,41.314
30,493,0.43879,41.415
30,494,0.44495,41.234
30,495,0.44296,41.383
30,496,0.45273,41.975
30,497,0.45471,41.848
30,498,0.45049,41.956
30,499,0.46284,41.814
30,500,0.46326,41.612
30,501,0.46417,42.235
30,502,0.46706,41.715
30,503,0.47181,41.78
30,504,0.57831,49.82849772862429
30,505,0.47947,41.913
30,506,0.48678,42.336
30,507,0.49335,42.4
30,508,0.49207,42.433
30,509,0.49726,42.498
30,510,0.49852,42.234
30,511,0.50234,42.831
30,512,0.51191,42.803
30,513,0.51764,43.017
30,514,0.51106,42.548
30,515,0.5253,43.116
30,516,0.51961,42.614
30,517,0.52696,43.308
30,518,0.52987,43.08
30,519,0.53462,43.643
30,520,0.53544,43.284
30,521,0.55008,43.831
30,522,0.55023,43.606
30,523,0.55394,43.709
30,524,0.55472,43.618
30,525,0.56568,44.062
30,526,0.56823,44.16
30,527,0.5732,44.187
30,528,0.57401,44.093
30,529,0.57483,44.05
30,530,0.58361,44.145
30,531,0.58417,44.687
30,532,0.59526,44.631
30,533,0.60816,44.674
30,534,0.60773,44.972
30,535,0.61177,45.104
30,536,0.60598,44.975
30,537,0.61969,44.817
30,538,0.63105,45.566
30,539,0.63094,45.268
30,540,0.63603,45.831
30,541,0.63934,45.684
30,542,0.63986,45.654
30,543,0.64654,45.957
30,544,0.65039,46.04
30,545,0.65568,45.99
30,546,0.66679,46.145
30,547,0.67227,46.516
30,548,0.67398,46.676
30,549,0.68081,46.813
30,550,0.69316,46.815
30,551,0.6941,46.756
30,552,0.69298,46.82
30,553,0.6973,46.766
30,554,0.7108,47.146
30,555,0.71702,47.445
30,556,0.72737,47.716
30,557,0.73027,47.755
30,558,0.73295,47.966
30,559,0.74033,47.937
30,560,0.74448,48.093
30,561,0.74703,47.899
30,562,0.76153,48.732
30,563,0.75828,48.154
30,564,0.77279,48.712
30,565,0.7772,48.881
30,566,0.77987,48.826
30,567,0.78823,48.771
30,568,0.79494,49.337
30,569,0.79885,49.206
30,570,0.80758,49.309
30,571,0.81608,49.416
30,572,0.82539,49.881
30,573,0.82306,50.044
30,574,0.83429,49.806
30,575,0.8449,50.282
30,576,0.84033,49.977
30,577,0.9555199999999999,61.79463618448635
30,578,0.8618,50.584
30,579,0.86385,50.651
30,580,0.8758,50.62
30,581,0.88669,51.265
30,582,0.88917,51.111
30,583,0.90061,51.361
30,584,0.89743,51.429
30,585,0.90941,51.516
30,586,0.92608,51.932
30,587,0.9279,52.101
30,588,0.93764,52.028
30,589,0.94316,52.34
30,590,0.95235,52.591
30,591,0.96954,52.674
30,592,0.97111,53.181
30,593,0.97724,52.948
30,594,0.99007,52.92
30,595,0.9889,53.567
30,596,0.99844,53.861
30,597,1.00224,53.403
